-- phpMyAdmin SQL Dump
-- version 4.0.10deb1
-- http://www.phpmyadmin.net
--
-- Host: 127.0.0.1
-- Generation Time: Apr 20, 2017 at 04:58 PM
-- Server version: 5.5.53-0ubuntu0.14.04.1
-- PHP Version: 5.5.9-1ubuntu4.20

SET SQL_MODE = "NO_AUTO_VALUE_ON_ZERO";
SET time_zone = "+00:00";


/*!40101 SET @OLD_CHARACTER_SET_CLIENT=@@CHARACTER_SET_CLIENT */;
/*!40101 SET @OLD_CHARACTER_SET_RESULTS=@@CHARACTER_SET_RESULTS */;
/*!40101 SET @OLD_COLLATION_CONNECTION=@@COLLATION_CONNECTION */;
/*!40101 SET NAMES utf8 */;

--
-- Database: `finzone_db`
--

-- --------------------------------------------------------

--
-- Table structure for table `badge`
--

CREATE TABLE IF NOT EXISTS `badge` (
  `badgeID` int(11) NOT NULL AUTO_INCREMENT,
  `name` varchar(200) NOT NULL,
  `rangeamount` int(11) NOT NULL,
  PRIMARY KEY (`badgeID`),
  UNIQUE KEY `rangeamount` (`rangeamount`),
  UNIQUE KEY `badgeID` (`badgeID`)
) ENGINE=InnoDB  DEFAULT CHARSET=latin1 AUTO_INCREMENT=11 ;

--
-- Dumping data for table `badge`
--

INSERT INTO `badge` (`badgeID`, `name`, `rangeamount`) VALUES
(0, 'Novice', 10000),
(1, 'Bronze', 15000),
(2, 'Silver', 30000),
(3, 'Gold', 60000),
(4, 'platinum', 120000),
(5, 'Master', 480000),
(10, 'Diamond', 240000);

-- --------------------------------------------------------

--
-- Table structure for table `bank`
--

CREATE TABLE IF NOT EXISTS `bank` (
  `bankID` int(11) NOT NULL AUTO_INCREMENT,
  `userID` int(11) NOT NULL,
  `accountNo` int(11) NOT NULL,
  `amount` decimal(10,2) NOT NULL,
  PRIMARY KEY (`bankID`),
  UNIQUE KEY `accountNo` (`accountNo`),
  KEY `userID` (`userID`),
  KEY `userID_2` (`userID`)
) ENGINE=InnoDB  DEFAULT CHARSET=latin1 AUTO_INCREMENT=120 ;

--
-- Dumping data for table `bank`
--

INSERT INTO `bank` (`bankID`, `userID`, `accountNo`, `amount`) VALUES
(86, 206, 793087452, '9053.70'),
(88, 208, 243560063, '6377.10'),
(94, 215, 324895491, '8029.20'),
(116, 244, 996406071, '9967.00'),
(117, 245, 696426078, '10000.00'),
(118, 246, 281690109, '7582.40'),
(119, 247, 628649670, '10000.00');

-- --------------------------------------------------------

--
-- Table structure for table `domain`
--

CREATE TABLE IF NOT EXISTS `domain` (
  `ID` int(11) NOT NULL AUTO_INCREMENT,
  `type` varchar(200) NOT NULL,
  PRIMARY KEY (`ID`)
) ENGINE=InnoDB  DEFAULT CHARSET=latin1 AUTO_INCREMENT=3 ;

--
-- Dumping data for table `domain`
--

INSERT INTO `domain` (`ID`, `type`) VALUES
(1, 'Buy'),
(2, 'Sell');

-- --------------------------------------------------------

--
-- Table structure for table `experience`
--

CREATE TABLE IF NOT EXISTS `experience` (
  `expID` int(11) NOT NULL AUTO_INCREMENT,
  `type` varchar(200) NOT NULL,
  `range` int(11) NOT NULL,
  PRIMARY KEY (`expID`)
) ENGINE=InnoDB  DEFAULT CHARSET=latin1 AUTO_INCREMENT=4 ;

--
-- Dumping data for table `experience`
--

INSERT INTO `experience` (`expID`, `type`, `range`) VALUES
(1, 'Novice', 0),
(2, 'Intermidiate', 1000),
(3, 'Advance', 2000);

-- --------------------------------------------------------

--
-- Table structure for table `friends`
--

CREATE TABLE IF NOT EXISTS `friends` (
  `frdID` int(11) NOT NULL AUTO_INCREMENT,
  `userID_to` int(11) NOT NULL,
  `userID_from` int(11) NOT NULL,
  `status` enum('0','1','2') NOT NULL,
  `createdDate` varchar(255) NOT NULL,
  PRIMARY KEY (`frdID`),
  KEY `userID_to` (`userID_to`),
  KEY `userID_from` (`userID_from`),
  KEY `userID_to_2` (`userID_to`),
  KEY `userID_from_2` (`userID_from`)
) ENGINE=InnoDB  DEFAULT CHARSET=latin1 AUTO_INCREMENT=17 ;

--
-- Dumping data for table `friends`
--

INSERT INTO `friends` (`frdID`, `userID_to`, `userID_from`, `status`, `createdDate`) VALUES
(14, 206, 208, '1', '15-04-2017'),
(15, 206, 206, '0', '15-04-2017'),
(16, 208, 244, '1', '16-04-2017');

-- --------------------------------------------------------

--
-- Table structure for table `loan`
--

CREATE TABLE IF NOT EXISTS `loan` (
  `loanID` int(11) NOT NULL AUTO_INCREMENT,
  `bankID` int(11) NOT NULL,
  `loanDate` varchar(255) NOT NULL,
  `expirationDate` varchar(255) NOT NULL,
  `interest` decimal(10,0) NOT NULL,
  `loanamount` decimal(10,0) NOT NULL,
  `downpayment` decimal(10,0) NOT NULL,
  PRIMARY KEY (`loanID`),
  KEY `userID` (`bankID`),
  KEY `userID_2` (`bankID`),
  KEY `bankID` (`bankID`)
) ENGINE=InnoDB  DEFAULT CHARSET=latin1 AUTO_INCREMENT=4 ;

--
-- Dumping data for table `loan`
--

INSERT INTO `loan` (`loanID`, `bankID`, `loanDate`, `expirationDate`, `interest`, `loanamount`, `downpayment`) VALUES
(2, 88, '17-04-2017', '24-04-2017', '9', '40', '42'),
(3, 88, '17-04-2017', '24-04-2017', '9', '4000', '4200');

-- --------------------------------------------------------

--
-- Table structure for table `message`
--

CREATE TABLE IF NOT EXISTS `message` (
  `messageID` int(11) NOT NULL AUTO_INCREMENT,
  `status` enum('0','1') NOT NULL,
  `from_userID` int(11) NOT NULL,
  `to_userID` int(11) NOT NULL,
  `message` varchar(255) NOT NULL,
  `DateTime` varchar(255) NOT NULL,
  PRIMARY KEY (`messageID`),
  KEY `userID` (`from_userID`),
  KEY `userID_2` (`from_userID`),
  KEY `to_userID` (`to_userID`),
  KEY `from_userID` (`from_userID`)
) ENGINE=InnoDB  DEFAULT CHARSET=latin1 AUTO_INCREMENT=403 ;

--
-- Dumping data for table `message`
--

INSERT INTO `message` (`messageID`, `status`, `from_userID`, `to_userID`, `message`, `DateTime`) VALUES
(290, '0', 206, 208, ':)', '1491147800647'),
(291, '0', 206, 208, '.\n😉', '1491147817254'),
(292, '0', 206, 208, 'dft', '1491147843866'),
(293, '0', 206, 208, 'hsha', '1491147858384'),
(294, '0', 206, 208, 'jsbb', '1491147863119'),
(295, '0', 208, 206, '😅', '1491147869672'),
(296, '0', 206, 208, 'jbsjbs', '1491149080613'),
(297, '0', 206, 208, 'ksjhjsjkksjjjjjkkkkkkkkolklllshjkwjkkksjkkejkdiehodiwjoe', '1491149241130'),
(298, '0', 206, 208, 'hahd', '1491153997204'),
(299, '0', 206, 208, 'how r u', '1491154008307'),
(300, '0', 206, 208, 'dj ffbbb', '1491154011704'),
(301, '0', 206, 208, 'hsbdbfvjnfnd', '1491154013933'),
(302, '0', 206, 208, 'hi', '1491154016403'),
(303, '0', 206, 208, 'ncncn', '1491154028924'),
(304, '0', 206, 208, 'hndngmg', '1491154033987'),
(305, '0', 206, 208, 'bdnfmg', '1491154037351'),
(306, '0', 206, 208, 'ncngng', '1491154039035'),
(307, '0', 206, 208, 'ncnvmv', '1491154041572'),
(308, '0', 206, 208, 'bmhsjhsjnsbjjavjebzkbd', '1491155462499'),
(309, '0', 206, 208, 'sjbnfbws', '1491155470030'),
(310, '0', 206, 208, 'njs', '1491156473455'),
(311, '0', 206, 208, 'bzjakbe', '1491156480866'),
(312, '0', 206, 208, 'xb', '1491157140738'),
(313, '0', 206, 208, 'test', '1491158176954'),
(314, '0', 206, 208, 'hekllo', '1491158186790'),
(315, '0', 206, 208, 'how r u?', '1491158191609'),
(316, '0', 206, 208, 'i m okay', '1491158199848'),
(317, '0', 208, 206, 'hello goloooooooooooo', '1491158291345'),
(318, '0', 206, 208, 'hii', '1491158238376'),
(319, '0', 206, 208, 'wtf', '1491158249758'),
(320, '0', 208, 206, 'fuck you', '1491158327688'),
(321, '0', 208, 206, 'hi', '1491159106880'),
(322, '0', 208, 206, 'how', '1491159142110'),
(323, '0', 208, 206, 'mytest', '1491159152230'),
(324, '0', 206, 208, 'your test', '1491159157146'),
(325, '0', 206, 208, 'test', '1491159167428'),
(326, '0', 208, 206, 'tae', '1491159203842'),
(327, '0', 208, 206, 'my', '1491159232699'),
(328, '0', 206, 208, 'gjwhe', '1491160826772'),
(329, '0', 206, 208, 'dbjj', '1491162948542'),
(330, '0', 206, 208, 'ytdufy', '1491162962223'),
(331, '0', 206, 208, 'rxyfy', '1491162967022'),
(332, '0', 206, 208, 'dtdtettdyets', '1491162974475'),
(333, '0', 206, 208, 'fjfjbjvuy', '1491162979579'),
(334, '0', 206, 208, 'cffucyxyfjff', '1491162985428'),
(335, '0', 206, 208, 'yuftxtcuv', '1491162990650'),
(336, '0', 206, 208, 'd', '1491162995357'),
(337, '0', 206, 208, 'dyfutud6dtfudu', '1491163000782'),
(338, '0', 206, 208, 'yfydyfych', '1491163005608'),
(339, '0', 206, 208, 'ghfuyu', '1491163009453'),
(340, '0', 206, 208, 'hfygi', '1491163012921'),
(341, '0', 208, 206, 'hello', '1491224013507'),
(342, '0', 206, 208, 'hhfyyy', '1491161698957'),
(343, '0', 206, 208, 'ggggdtt', '1491161717674'),
(344, '0', 208, 206, 'rfgyff', '1491224044504'),
(345, '0', 208, 206, 'fggyuij', '1491224068132'),
(346, '0', 206, 208, 'ghghgyyyy', '1491161755606'),
(347, '0', 208, 206, 'uushuse', '1491224089628'),
(348, '0', 206, 208, 'hello', '1491161799809'),
(349, '0', 208, 206, 'ghgf', '1491224208020'),
(350, '0', 206, 208, 'jdbfbf', '1491224938369'),
(351, '0', 208, 206, 'sdwadww', '1491162621706'),
(352, '0', 206, 208, 'nwnndnf', '1491224943800'),
(353, '0', 206, 208, 'jdbdnnf', '1491224947677'),
(354, '0', 208, 206, 'hello', '1491162635936'),
(355, '0', 206, 208, 'bxnc', '1491224959510'),
(356, '0', 206, 208, 'bnxnmf', '1491224961705'),
(357, '0', 208, 206, 'wdwaw', '1491162838124'),
(358, '0', 208, 206, 'hello arpitaa', '1491775817872'),
(359, '0', 206, 208, 'hi', '1492287499865'),
(360, '0', 206, 208, 'how r u?', '1492287507494'),
(361, '0', 208, 206, 'hello how r u', '1492287508192'),
(362, '0', 206, 208, 'kem che ?', '1492287513916'),
(363, '0', 208, 206, 'maja maw che', '1492287528998'),
(364, '0', 206, 208, 'msg me', '1492287572454'),
(365, '0', 208, 206, 'got ur message', '1492287581207'),
(366, '0', 206, 208, 'hv fun', '1492287590720'),
(367, '0', 206, 208, 'why blofish', '1492287614232'),
(368, '0', 206, 208, 'why not keys', '1492287621163'),
(369, '0', 208, 206, 'keys', '1492287627011'),
(370, '0', 206, 208, 'gadhe', '1492287629965'),
(371, '0', 208, 206, 'private and pubkic keys', '1492287636073'),
(372, '0', 208, 206, 'u need', '1492287640352'),
(373, '0', 208, 206, 'arpitaa', '1492287642756'),
(374, '0', 208, 206, '😉😆😆', '1492287652635'),
(375, '0', 206, 208, 'asdasd', '1492287660900'),
(376, '0', 208, 206, '😆', '1492287664440'),
(377, '0', 208, 206, 'fnmh', '1492361895576'),
(378, '0', 208, 206, 'bd f', '1492361897181'),
(379, '0', 208, 206, 'bfnnh', '1492361898491'),
(380, '0', 244, 208, 'hi', '1492376203042'),
(381, '0', 208, 244, 'hello', '1492376105236'),
(382, '0', 208, 244, 'high', '1492376138804'),
(383, '0', 208, 244, 'dixxx', '1492376173331'),
(384, '0', 244, 208, 'how r u ?', '1492376294683'),
(385, '0', 208, 244, 'jk', '1492376203718'),
(386, '0', 208, 244, 'hsdeww', '1492376321078'),
(387, '0', 244, 208, 'he', '1492376334230'),
(388, '0', 208, 244, 'hello', '1492376337775'),
(389, '0', 208, 244, 'nivan', '1492376353938'),
(390, '0', 244, 208, 'i m gud', '1492376357278'),
(391, '0', 208, 244, 'sssswwa', '1492376369254'),
(392, '0', 244, 208, 'hwlooaa', '1492376531365'),
(393, '0', 244, 208, 'hello', '1492376555749'),
(394, '0', 208, 244, 'hi', '1492376465400'),
(395, '0', 208, 244, 'how r u?', '1492376471569'),
(396, '0', 244, 208, 'hi', '1492376604781'),
(397, '0', 244, 208, 'schoolaa', '1492376611501'),
(398, '0', 208, 206, 'hello', '1492468761866'),
(399, '0', 206, 208, 'hello', '1492468833209'),
(400, '0', 206, 208, 'how r u ?', '1492468841447'),
(401, '0', 208, 206, 'am good arpita', '1492468851643'),
(402, '0', 206, 208, 'hows going ?', '1492468859817');

-- --------------------------------------------------------

--
-- Table structure for table `paymentlog`
--

CREATE TABLE IF NOT EXISTS `paymentlog` (
  `paymentID` int(11) NOT NULL AUTO_INCREMENT,
  `userID` int(11) NOT NULL,
  `amount` decimal(11,0) NOT NULL,
  `DateTime` varchar(200) NOT NULL,
  `loanDate` varchar(255) NOT NULL,
  `expirationDate` varchar(255) NOT NULL,
  PRIMARY KEY (`paymentID`),
  KEY `userID` (`userID`),
  KEY `userID_2` (`userID`),
  KEY `userID_3` (`userID`)
) ENGINE=InnoDB  DEFAULT CHARSET=latin1 AUTO_INCREMENT=26 ;

--
-- Dumping data for table `paymentlog`
--

INSERT INTO `paymentlog` (`paymentID`, `userID`, `amount`, `DateTime`, `loanDate`, `expirationDate`) VALUES
(22, 208, '21', '16-04-2017', '02/02/17', '02/02/17'),
(23, 208, '105', '16-04-2017', '16-04-2017', '23-04-2017'),
(24, 244, '53', '16-04-2017', '16-04-2017', '23-04-2017'),
(25, 246, '525', '17-04-2017', '17-04-2017', '08-05-2017');

-- --------------------------------------------------------

--
-- Table structure for table `portfolio`
--

CREATE TABLE IF NOT EXISTS `portfolio` (
  `portfolioID` int(11) NOT NULL AUTO_INCREMENT,
  `userID` int(11) NOT NULL,
  `stockInvest` decimal(10,0) NOT NULL,
  `commoditiesInvest` decimal(10,0) NOT NULL,
  `forexInvest` decimal(10,0) NOT NULL,
  `stockProfit` int(11) NOT NULL,
  `forexProfit` int(11) NOT NULL,
  `commodityProfit` int(11) NOT NULL,
  PRIMARY KEY (`portfolioID`),
  UNIQUE KEY `userID_3` (`userID`),
  KEY `userID` (`userID`),
  KEY `userID_2` (`userID`)
) ENGINE=InnoDB  DEFAULT CHARSET=latin1 AUTO_INCREMENT=34 ;

--
-- Dumping data for table `portfolio`
--

INSERT INTO `portfolio` (`portfolioID`, `userID`, `stockInvest`, `commoditiesInvest`, `forexInvest`, `stockProfit`, `forexProfit`, `commodityProfit`) VALUES
(2, 206, '946', '0', '0', 0, 0, 0),
(7, 208, '2891', '1927', '750', 0, 0, 0),
(8, 215, '0', '0', '0', 0, 0, 0),
(30, 244, '0', '0', '0', 0, 0, 0),
(31, 245, '0', '0', '0', 0, 0, 0),
(32, 246, '1893', '0', '0', 0, 0, 0),
(33, 247, '0', '0', '0', 0, 0, 0);

-- --------------------------------------------------------

--
-- Table structure for table `profile`
--

CREATE TABLE IF NOT EXISTS `profile` (
  `userID` int(11) NOT NULL AUTO_INCREMENT,
  `imagePath` varchar(5000) NOT NULL,
  `emailID` varchar(200) NOT NULL,
  `username` varchar(200) NOT NULL,
  `bio` varchar(250) DEFAULT NULL,
  `password` varchar(255) NOT NULL,
  `verificationcode` varchar(255) NOT NULL,
  `location` varchar(255) NOT NULL,
  `dob` varchar(255) NOT NULL,
  `badgeID` int(11) DEFAULT NULL,
  `experienceID` int(11) NOT NULL,
  `createdDate` varchar(200) NOT NULL,
  PRIMARY KEY (`userID`),
  UNIQUE KEY `emailID` (`emailID`),
  KEY `badgeID` (`badgeID`),
  KEY `experienceID` (`experienceID`),
  KEY `badgeID_2` (`badgeID`),
  KEY `experienceID_2` (`experienceID`),
  KEY `experienceID_3` (`experienceID`),
  KEY `badgeID_3` (`badgeID`),
  KEY `badgeID_4` (`badgeID`),
  KEY `experienceID_4` (`experienceID`)
) ENGINE=InnoDB  DEFAULT CHARSET=latin1 AUTO_INCREMENT=248 ;

--
-- Dumping data for table `profile`
--

INSERT INTO `profile` (`userID`, `imagePath`, `emailID`, `username`, `bio`, `password`, `verificationcode`, `location`, `dob`, `badgeID`, `experienceID`, `createdDate`) VALUES
(206, '1260c52fb66a7bfbad2d648c5d34f4ca.png', 'patel_arpita1991@yahoo.com', 'arpita', 'Trading is my passion', 'b70868c285bed91da677d5154973d0e6', '44342', '', '03/05/17', 0, 1, '20-03-17'),
(208, '4ed0a16a87bc28295f52f7f68819dce5.png', 'nivanphp@gmail.com', 'nivanjeet', 'Am awesome person', '991bc5dc57a501c192927966717bbea1', '40956', 'Canada', '03/05/17', 0, 1, '20-03-17'),
(215, '89504E470D0A1A0A0000000D49484452000001C20000032008020000003F69F5B20000000373424954080808DBE14FE00000200049444154789CECBDDB962429CE2EF849984756F7EEF7BF9CCBFD74FB6AD63F3395E186341702214E16EE119E87AA6A56AE48730C13E2F4218410F4BFFFF7FF85A702D1325A55A9BEA27D1A7F1091659AE3383C65FCBB0BBBB7BB78C979C90F332FE355E7F4DC882B87785255C5B9A4B3E44D55F3861FAB43ED03001085DC437A5155259DF9D7998D8B78E275FCB238AA2AACAACA219EB4D1E7899F9C33D51039A150AEEE81C63E601FC67A8BA1D440D70105004916917FF1F1FEFEFE7FFF9FFF739EE7BF6FDF5455F48ED0218928A5945222A2F7F7F7FBFD4E44D63798F9388EFFEFFDFB711CB7DB8D8890454418C4CC964645CEF3BCDFEFD6A3524AFFF9CF7F8CFE799EC6F3711CC771DCEFF7D8D65C433AE53CCFF33C45C472646622FAF3CF3F7D58598D8988AAFEEB7FFDAF9CB311B1C456C939E794D2ED763B8E838844C4229544442CB110EEF7BBFDB41AE3948CBD521CD51B7DFBFEFDFB79965E6D89AD7E8C6D6F4A0BF91DAA0AB19E9089881444C40701102622920466A6C44424541953254A44C40A5595AC006A815955ADB71F7AF33E605844AC00E8683C085ADF10C996DEF86D1D4F62272CF563CD64E99939D56621A283D93B2A83ACFE4504370570EC206F1B3E4ABF04D332C0EA5019AAFE825444E7970487CB085571540F7C5A53AEE28D089E4CBFAE87397E40DE46615528225ABE99E97C18FF2C9DE7D33F118848D725DE92A2EEBFF6634E3F40B30150047707562B8EC52CE680D07CC49C528A290D3A7DD4391B5C87A50F54CB25E76CF818F3D530CDFB2B8B71661C880756874A93CA2A3313173860E67B3E879456A8C84F9CF3DEDEDE8C78AC0A2B1911811A9F3455FEC098FFA4F0A2E064DFAA00C85B9848373D30763FAFA546DF18C618ECAB284EC50A9F92B7B7F8048CEE24C3193D078070862C666677A0367CF8149317217647F460BAE473280B11455E1E8BDFD1E9107608F357F637D7A1B8244E8F65FAF2F85DBE73FC726C5FD0A73A95C6EA7AB6D3EE820D9BB9210C38BCA35AEE86AA2925662E12538051EA83889028119974134139960B55FEA52A30B2C830C5DA872E1EDAE7B3184855A4F58EED69BA8086B9486CF4534A59050005B254613D4EED4E3CA514ABB1C13D25002010918D342E4C6A60A1FDB5606C33270056B746B47CA96D328B301ACB3EB4ECFCD6F209AF4631C539197A88358DD6F652D5284A7E12463F0CBB8E3E80FA2EDF387E62E2572129F5A2DF877CB685458BEFDE3E90FE8A7EECB26B867B94C95519424498902B96EB57C5E332FDB24E688F9B985AEA733D76009DE155CC48EB7A59EB729B2A8C8AC8EDED663152830D4E4F0C809945045954F55EA551C73527E8A864C160940276C7ACE32714C4CF7BCE9194772753291885B9B00E671E63B0A818C79D49AF06F4E8313D364DABC330220A522A8848499C31A1224B0EAD536A4F2122CC845A7164122500806512BF7A49CB99A112DF9487CB7E1B798893105090D6BF8AB81169E2E530BAEBEB5EB3AD8A5F0DDF0F065DE96467F606D05CC5DB877832FD07F53034D26E9A5DCC0454BADD10BF4B7F4D6737D3ECE8ECF2DDC6F7E2FF057D5B1ECE95B0C5C4EEBFF0A3A7E1D0C3266B04D92DAF80CFE04355138A6A4C4D03288A54F3A89F1CC402CA5A40272ED27D092F55EAD42AA816EC767463A6AA6F5522D116E2649E2B8C46B1DA2178513F7D6B6A90B23B506F805B3094996D814F44C77138B838A6DBD7725F375601E8C29B81F898A6346B1622E254F4A1AAAA4230650155256E9F0100D151D8AFB8DF615FE887DDAE06A6AE68B1B1BBB6EA89B908E1A7C1E845CA21C4592526DE6D493D1D42BD501091F60CCFF15DFB4FF1CFD5E72EDFA58E267EB59C1B7F87785CA61F3E7C305947FF53A18DD23E682F7B525092463CF26FE77145558CD22A3622D071A8A2BA781FBED5BAAD5148110F05B7E0E03EB31D87863319F5AD18502094DDC3910E119150704B63F06A31A645B59DABD81CFED7F34243A77120076934C87D3DF33E2B98D063D309D7F670E6FD336FBEA1D2884864D1E295B5163CEBAE3257458BB9380FCFEB462FD79E338C3E328A3EA4F6C230EB461FE1B38FC793F11FC0CA059F1763C001EB1722E627E21D47628261A42DDB62EE5A5F0C5EAB4529C96C3BE3A8A35D8304DD6054AB5E48CAE74C947CBF48A10A49202252C42D5DAA12A86F34B92AF33C4F553578C2BDC9C27391E3B652EC151561D813B84E163DE6BA198517D33901A06113AC90E50ED6512D160CD6635B5799BA2C872302B4E15C2BD26A33CE0131DF06A3856CA92EAAA27A4C59BEEDC74744D2181D9E165AA9487320A25547ACAA831C8D4FC0E85666EB6B3FF2B1048E47C034527BD5E0E1CDE094A0DAEF016E0B7C2F4ABF8E9F1BF5621EB2EEB58CDFA57F960E564DF609FA17D3F03AFD8B76EA777BA38629BE66D7AAE21C36E5296C3E680D5ED200914D9DEA891D462386A2EE56D9AA5C448EE34829E57BF664D26F277A7691F9C8431BF3935EDE79162D1A0C2F140503A66114C7161950BBE8527B98161120D49255FA463115292F0B35CFB5546154834A417B3A5E08AA7355A01C73C51CE64ED8DAB7AF0A0A1007E05810EB4BB82BFC9C724E30E0C55C595F0F4B9ACF128FA3023D6AA8CE0527EF882AD3A2891615B5AC9C0B3EDBBC37B124393BA9A18B888886EDE0C1C266A0CF41CA880F4B862EF86F881214F36D7887940E55161381E6A21E88D793E88E7FBA54AA38A8C16B8FB25797DB7B02701B4CC7D39492811D5C8F59B1E33CCF83381D472206709EE73DBF1B5739E76FDFBE11D1FD7E375B4EC7E858215477EAD3EDD0F35415853213A764D925A6F33C45E5480711B99AD2E44717277DEDFFFDFBF7D9044A44C07A1CC7DBDB5B4A49A85B9C31B356652B556DC31B17B353E3B6607D4D13BB62B10836824523D9FA6D31AE3219362837E274A575B9CDCCEFEFEFAAC556D4855866568243B6B53A719B0FEC01D4F4757DD76A22BCD6C544E41341AE2722B7808EA66F46D327BFD25B2EC071EEDC74913AA4191E5E123E04713CB0527E8478C4D0E1E705FD16F3587AFF6A892017F133C33F217CA23E979D6707C7D8CC2844B4152337F97E983C0E7EFF49559CB440AB9DF418135F954F9872CEA2D93791EEF7FBFD7E8F53DDDCB522401BC242D6A2BD7F4E7D70596FC9AD3D3BC4188CBA8AB62B3EC6A671685ED69BE7121F54B598371579B07DBB5B55AC0A08A75012B82EC0A9E90E28D7F41BA5CAEDB21F6A500D0FA5F53C889A858CA7BA9246879C1E194BB13A7E66F00EBA03A00F130F9C53EB9DF3278F527B24F2D9F8EBBAFD4493ED883C5899A893EBE3E95F98EFE3E99718A4C1FA1D417EA709463DC6E5135F22922820C4C8673671F5DBED06A20C68CE7CDCA8AE2E23CD283DC501E909FC2DAA05D55C04EC9B78361A2D0C90B8DA5DEBBA9E99', 'manpreet051993@gmail.com', 'Manpreet Sidhu', 'Your Description', '77426561c143a8687bd58465f3093073', '88526', '', '11/09/03', 0, 1, '10-04-17'),
(244, '3cc24fbe471e30da3f265ac865746847.png', 'jeet@gmail.com', 'jeet', 'i m awesame !!!', '7d5ecf1a374147d33cae07664f1281a8', '81440', 'Canada', '04/02/17', 0, 1, '16-04-17'),
(245, '86e92196ee3847b17f1601311ee271ed.png', 'hema@gmail.com', 'Hema', 'Love to listen Music!!!', 'e46f111d6baad53253f58e65552c7f63', '', 'Canada', '04/05/17', 0, 1, '17-04-17'),
(246, 'f6348c12e70927c38d915bacf6f744c0.png', 'prabh91@gmail.com', 'nivan', 'am good', '6bdaab1665e68687fcd32fc2c324beb', '', 'Canada', '04/13/17', 0, 1, '17-04-17'),
(247, '1dfaaa64282a525562e05df170e60783.png', 'testa@gmail.com', 'test', '', '12bce374e7be15142e8172f668da0d8', '', 'Canada', '04/25/17', 0, 1, '17-04-17');

-- --------------------------------------------------------

--
-- Table structure for table `profile_badge`
--

CREATE TABLE IF NOT EXISTS `profile_badge` (
  `profilebadgeID` int(11) NOT NULL AUTO_INCREMENT,
  `badgeID` int(11) NOT NULL,
  `userID` int(11) NOT NULL,
  PRIMARY KEY (`profilebadgeID`),
  KEY `badgeID` (`badgeID`,`userID`),
  KEY `userID` (`userID`),
  KEY `badgeID_2` (`badgeID`),
  KEY `userID_2` (`userID`)
) ENGINE=InnoDB DEFAULT CHARSET=latin1 AUTO_INCREMENT=1 ;

-- --------------------------------------------------------

--
-- Table structure for table `stockList`
--

CREATE TABLE IF NOT EXISTS `stockList` (
  `ID` int(11) NOT NULL AUTO_INCREMENT,
  `symbol` varchar(255) NOT NULL,
  `companyName` varchar(255) NOT NULL,
  PRIMARY KEY (`ID`)
) ENGINE=InnoDB  DEFAULT CHARSET=latin1 AUTO_INCREMENT=2221 ;

--
-- Dumping data for table `stockList`
--

INSERT INTO `stockList` (`ID`, `symbol`, `companyName`) VALUES
(1, 'symbol', 'companyName'),
(2, 'AAR-UN', 'Pure Industrial Real Est'),
(3, 'ABK-A', 'Allbanc Split Corp Class'),
(4, 'ABT', 'Absolute Software Corp.'),
(5, 'AC', 'Air Canada'),
(6, 'ACO-X', 'Atco Ltd. Cl.I Nv'),
(7, 'ACQ', 'Autocanada Inc'),
(8, 'ACZ-UN', 'American Core Sectors Di'),
(9, 'ADC-UN', 'Canadian Advantaged Conv'),
(10, 'ADV', 'Alderon Iron Ore Corp'),
(11, 'ADW-B', 'Andrew Peller Limited C'),
(12, 'AEF-A', 'Acasta Enterprises Inc C'),
(13, 'AEM', 'Agnico Eagle Mines Limit'),
(14, 'AEZ', 'Aeterna Zentaris Inc.'),
(15, 'AFN', 'Ag Growth International'),
(16, 'AFN-DB-B', 'Ag Growth International'),
(17, 'AGF-B', 'Agf Management Ltd. Cl.'),
(18, 'AGI-WT', 'Alamos Gold Inc Warrants'),
(19, 'AGT', 'Agt Food and Ingredients'),
(20, 'AHY-UN', 'Advantaged CDN High Yiel'),
(21, 'AI-DB', 'Atrium Mortgage Inv Corp'),
(22, 'AI-DB-B', 'Atrium Mortgage Inv Corp'),
(23, 'AIF-DB-A', 'Altus Group Ltd 6.75 Pct'),
(24, 'AIM-PR-A', 'Aimia Inc Pref Series 1'),
(25, 'AIM-PR-C', 'Aimia Inc Pref Series 3'),
(26, 'AKG', 'Asanko Gold Inc'),
(27, 'AKT-B', 'Akita Cl B'),
(28, 'ALA-PR-A', 'Altagas Ltd. Pref A'),
(29, 'ALA-PR-E', 'Altagas Ltd Pref Series'),
(30, 'ALA-PR-I', 'Altagas Ltd Pref Series I'),
(31, 'ALB', 'Allbanc Split Banc Corp'),
(32, 'ALC', 'Algoma Central'),
(33, 'ALS', 'Altius Minerals Corporat'),
(34, 'AMM', 'Almaden Minerals Ltd.'),
(35, 'AOG-UN', 'Aston Hill Adv Oil and G'),
(36, 'AP-UN', 'Allied Properties Real E'),
(37, 'APS', 'Aptose Biosciences Inc'),
(38, 'AQN', 'Algonquin Power and Util'),
(39, 'AQN-PR-A', 'Algonquin Power and Util'),
(40, 'AQX-A', 'Alignvest Acquisition Co'),
(41, 'AR', 'Argonaut Gold Inc.'),
(42, 'ARE-DB-B', 'Aecon Group Inc 5.50 Pct'),
(43, 'ARX', 'Arc Resources Ltd.'),
(44, 'ASO', 'Avesoro Resources Inc.'),
(45, 'ASR', 'Alacer Gold Corp'),
(46, 'ATD-A', 'Alimentation Couche-Tard'),
(47, 'ATH', 'Athabasca Oil Corp'),
(48, 'ATP', 'Atlantic Power Corp.'),
(49, 'ATP-DB-U', 'Atlantic Power Corp 5.75'),
(50, 'AUG', 'Auryn Resources Inc'),
(51, 'AUM', 'Golden Minerals Company'),
(52, 'AV-UN', 'Aston Hill Adv Vip Incom'),
(53, 'AVL', 'Avalon Rare Metals Inc.'),
(54, 'AVP', 'Avcorp Industries Inc.'),
(55, 'AX-DB-U', 'Artis REIT 5.75 Pct Debe'),
(56, 'AX-PR-E', 'Artis REIT Pref Ser E'),
(57, 'AX-PR-U', 'Artis REIT Pref Series C'),
(58, 'AXR', 'Alexco Resource Corp.'),
(59, 'AYA', 'Amaya Inc'),
(60, 'AZ', 'Az Mining Inc'),
(61, 'AZP-PR-B', 'Atlantic Power Pref Equi'),
(62, 'AZZ', 'Azarga Uranium Corp'),
(63, 'AAB', 'Aberdeen International I'),
(64, 'AAV', 'Advantage Oil & Gas Ltd.'),
(65, 'ABK-PR-C', 'Allbanc Split Corp Pref'),
(66, 'ABX', 'Barrick Gold Corporation'),
(67, 'ACD', 'Accord Financial'),
(68, 'ACO-Y', 'Atco Ltd Cl II'),
(69, 'ACR-UN', 'Agellan Commercial REIT'),
(70, 'AD', 'Alaris Royalty Corp.'),
(71, 'ADN', 'Acadian Timber Corp'),
(72, 'ADW-A', 'Andrew Peller Limited C'),
(73, 'AEF', 'Acasta Enterprises Inc'),
(74, 'AEF-WT', 'Acasta Enterprises Inc W'),
(75, 'AEU-UN', 'Activenergy Income Fund'),
(76, 'AF', 'Alarmforce J'),
(77, 'AFN-DB-A', 'Ag Growth Intl Inc 5.25'),
(78, 'AFN-DB-C', 'Ag Growth Intl Inc 5.00 Pct Debs'),
(79, 'AGI', 'Alamos Gold Inc.'),
(80, 'AGI-WT-A', 'Alamos Gold Inc Warrants A'),
(81, 'AGU', 'Agrium Inc'),
(82, 'AI', 'Atrium Mortgage Investme'),
(83, 'AI-DB-A', 'Atrium Mortgage Inv Corp'),
(84, 'AIF', 'Altus Group Limited'),
(85, 'AIM', 'Aimia Inc'),
(86, 'AIM-PR-B', 'Aimia Inc Pref Series 2'),
(87, 'AJX', 'Agjunction Inc'),
(88, 'AKT-A', 'Akita Drilling Ltd. Cl.'),
(89, 'ALA', 'Altagas Ltd.'),
(90, 'ALA-PR-B', 'Altagas Ltd Pref Series B'),
(91, 'ALA-PR-G', 'Altagas Ltd Pref G'),
(92, 'ALA-PR-U', 'Altagas Ltd Pref Series'),
(93, 'ALB-PR-C', 'Allbanc Split Corp II Pref Ser 2'),
(94, 'ALC-DB', 'Algoma Central Corp 6 PC'),
(95, 'AMI', 'Aurico Metals Inc'),
(96, 'ANX', 'Anaconda Mining Inc.'),
(97, 'AOI', 'Africa Oil Corp'),
(98, 'APR-UN', 'Automotive Properties Re'),
(99, 'AQA', 'Aquila Resources Inc.'),
(100, 'AQN-IR', 'Algonquin Power Util 5 Pct Debs Ins Rcpt'),
(101, 'AQN-PR-D', 'Algonquin Power and Util'),
(102, 'AQX-WT', 'Alignvest Acquisition Co'),
(103, 'ARE', 'Aecon Group Inc'),
(104, 'ARG', 'Amerigo Resources Ltd.'),
(105, 'ARZ', 'Aralez Pharmaceuticals Inc'),
(106, 'ASP', 'Acerus Pharmaceuticals C'),
(107, 'ATA', 'Ats Automation'),
(108, 'ATD-B', 'Alimentation Couche-Tard'),
(109, 'ATL', 'Atlatsa Resources Corpor'),
(110, 'ATP-DB-D', 'Atlantic Power Corp 6.00'),
(111, 'ATZ', 'Aritzia Inc'),
(112, 'AUI-UN', 'Australian Banc Income F'),
(113, 'AUP', 'Aurinia Pharmaceuticals'),
(114, 'AVK', 'Avnel Gold Mining Ltd.'),
(115, 'AVO', 'Avigilon Corporation'),
(116, 'AW-UN', 'A&W Revenue Royalties In'),
(117, 'AX-PR-A', 'Artis REIT Pref Series A'),
(118, 'AX-PR-G', 'Artis REIT Pref Series G'),
(119, 'AX-UN', 'Artis Real Estate Invest'),
(120, 'AXY', 'Alterra Power Corp'),
(121, 'AYM', 'Atalaya Mining Plc'),
(122, 'AZP-PR-A', 'Atlantic Power Pref Equi'),
(123, 'AZP-PR-C', 'Atlantic Power Pref Equi'),
(124, 'BAD', 'Badger Daylighting Ltd.'),
(125, 'BAM-PF-A', 'Brookfield Asset Mgmt In'),
(126, 'BAM-PF-C', 'Brookfield Asset Mgmt In'),
(127, 'BAM-PF-E', 'Brookfield Asset Mgmt Pr'),
(128, 'BAM-PF-G', 'Brookfield Asset Mgmt In'),
(129, 'BAM-PF-I', 'Brookfield Asset Mgmt Inc Pref Ser 46'),
(130, 'BAM-PR-C', 'Brookfield Asset Mgmt In'),
(131, 'BAM-PR-G', 'Brookfield Asset Mgmt In'),
(132, 'BAM-PR-M', 'Brookfield Asset Mgmt In'),
(133, 'BAM-PR-R', 'Brookfield Asset Mgmt Pr'),
(134, 'BAM-PR-T', 'Brookfield Asset Mgmt Pr'),
(135, 'BAM-PR-Z', 'Brookfield Asset Mgmt In'),
(136, 'BB', 'Blackberry Limited'),
(137, 'BBD-B', 'Bombardier Inc. Cl. B'),
(138, 'BBD-PR-C', 'Bombardier Inc. Preferre'),
(139, 'BBL-A', 'Brampton Brick Ltd. Cl.'),
(140, 'BCB', 'Cott Corp'),
(141, 'BCE-PR-A', 'BCE First Pr Shares Seri'),
(142, 'BCE-PR-C', 'BCE Inc Pr Shares Series'),
(143, 'BCE-PR-E', 'BCE 1St Pref Shares Seri'),
(144, 'BCE-PR-G', 'BCE 1St Pref Shares Seri'),
(145, 'BCE-PR-I', 'BCE 1St Pref Shares Seri'),
(146, 'BCE-PR-K', 'BCE Inc Pref Series AK'),
(147, 'BCE-PR-M', 'BCE Inc Preferred Shares'),
(148, 'BCE-PR-O', 'BCE Inc Preferred Shares'),
(149, 'BCE-PR-R', 'BCE Inc Ser R'),
(150, 'BCE-PR-T', 'BCE Inc. First Preferred'),
(151, 'BCE-PR-Z', 'BCE Inc Series Z'),
(152, 'BDI', 'Black Diamond Group Ltd'),
(153, 'BEI-UN', 'Boardwalk Real Estate In'),
(154, 'BEP-PR-E', 'Brookfield Renewable Energy Pref Ser 5'),
(155, 'BEP-PR-I', 'Brookfield Renewable  Pref Ser 9'),
(156, 'BGI-UN', 'Brookfield Glbl Infras S'),
(157, 'BIG-D', 'Big 8 Split Inc Class D'),
(158, 'BIP-PR-A', 'Brookfield Infra Partner'),
(159, 'BIP-PR-C', 'Brookfield Infra Partners LP Pref Ser 5'),
(160, 'BIR', 'Birchcliff Energy Ltd.'),
(161, 'BIR-PR-C', 'Birchcliff Energy Ltd Pr'),
(162, 'BK-PR-A', 'Canadian Banc Corp Pref'),
(163, 'BKL', 'Powershares Sr Loan CAD'),
(164, 'BKX', 'Bnk Petroleum Inc.'),
(165, 'BLD', 'Ballard Power'),
(166, 'BLU', 'Bellus Health Inc.'),
(167, 'BLX-DB-A', 'Boralex Inc 4.5 Pct Debs'),
(168, 'BMO', 'Bank of Montreal'),
(169, 'BMO-PR-B', 'BMO Pref Shares Series 38'),
(170, 'BMO-PR-L', 'BMO Non-Cumulative Cl B'),
(171, 'BMO-PR-Q', 'Bank of Montreal B Pref'),
(172, 'BMO-PR-S', 'BMO Cl B Pref Shares Ser'),
(173, 'BMO-PR-W', 'BMO Cl B Pref Shares Ser'),
(174, 'BMO-PR-Z', 'Bank of Montreal Pref Se'),
(175, 'BND', 'Purpose Tactical Inv Grade Bond Fund'),
(176, 'BNG', 'Bengal Energy Ltd.'),
(177, 'BNP', 'Bonavista Energy Corpora'),
(178, 'BNS-PR-A', 'Bns Preferred Shares Ser'),
(179, 'BNS-PR-C', 'Bns Preferred Series 23'),
(180, 'BNS-PR-E', 'Bns Preferred Shares Series 34'),
(181, 'BNS-PR-G', 'Bns Preferred Shares Series 36'),
(182, 'BNS-PR-N', 'Bns Pref Shares Series'),
(183, 'BNS-PR-P', 'Bank of Nova Scotia Non-'),
(184, 'BNS-PR-R', 'Bns Non Cum Pref Series'),
(185, 'BNS-PR-Z', 'Bns Preferred Series 32'),
(186, 'BOX-UN', 'Brookfield Canada Office'),
(187, 'BOY-DB-A', 'Boyuan Constr Grp Inc 10'),
(188, 'BPO-PR-A', 'Brookfield Office Proper'),
(189, 'BPO-PR-J', 'Brookfield Office Proper'),
(190, 'BPO-PR-N', 'Brookfield Office Proper'),
(191, 'BPO-PR-R', 'Brookfield Office Proper'),
(192, 'BPO-PR-T', 'Brookfield Office Proper'),
(193, 'BPO-PR-W', 'Brookfield Office Proper'),
(194, 'BPO-PR-Y', 'Brookfield Office Proper'),
(195, 'BPS-PR-B', 'Brookfield Property Spli'),
(196, 'BPS-PR-U', 'Brookfield Property Spli'),
(197, 'BR', 'Big Rock Brewery Inc.'),
(198, 'BRE', 'Brookfield Real Estate S'),
(199, 'BRF-PR-B', 'Brookfield Renewable Pre'),
(200, 'BRF-PR-E', 'Brookfield Renewable Pow'),
(201, 'BRIO', 'Brio Gold Inc'),
(202, 'BSC', 'Bns Split Corp.  II'),
(203, 'BSD-PR-A', 'Brookfield Soundvest Spl'),
(204, 'BSE-UN', 'Brookfield Soundvest Equ'),
(205, 'BSX', 'Belo Sun Mining Corp'),
(206, 'BTB-DB-F', 'Btb REIT 7.15 Pct Debs'),
(207, 'BTE', 'Baytex Energy Corp.'),
(208, 'BU', 'Burcon Nutrascience Corp'),
(209, 'BUI', 'Buhler Ind'),
(210, 'BXE', 'Bellatrix Exploration Lt'),
(211, 'BXF', 'First Asset 1 To 5 Yr La'),
(212, 'BYD-DB-A', 'Boyd Group Income Fund 5'),
(213, 'BYL', 'Baylin Technologies Inc'),
(214, 'BAA', 'Banro Corp.'),
(215, 'BAM-A', 'Brookfield Asset Managem'),
(216, 'BAM-PF-B', 'Brookfield Asset Mgmt In'),
(217, 'BAM-PF-D', 'Brookfield Asset Mgmt In'),
(218, 'BAM-PF-F', 'Brookfield Asset Mgmt In'),
(219, 'BAM-PF-H', 'Brookfield Asset MGT Inc Pref Ser 44'),
(220, 'BAM-PR-B', 'Brookfield Asset Mgmt In'),
(221, 'BAM-PR-E', 'Brookfield Asset Mgmt In'),
(222, 'BAM-PR-K', 'Brookfield Asset Mgmt In'),
(223, 'BAM-PR-N', 'Brookfield Asset Mgmt Pr'),
(224, 'BAM-PR-S', 'Brookfield Asset Mgmt Inc Pref Ser 25'),
(225, 'BAM-PR-X', 'Brookfield Am Pref Ser 2'),
(226, 'BAR', 'Balmoral Resources Ltd'),
(227, 'BBD-A', 'Bombardier Inc. Cl. A'),
(228, 'BBD-PR-B', 'Bombardier 2 Pr'),
(229, 'BBD-PR-D', 'Bombardier Inc. Preferre'),
(230, 'BBU-UN', 'Brookfield Business Partners LP'),
(231, 'BCE', 'BCE Inc.'),
(232, 'BCE-PR-B', 'BCE Inc. First Pr Shares'),
(233, 'BCE-PR-D', 'BCE Inc. Preferred Share'),
(234, 'BCE-PR-F', 'BCE 1St Pref Shares Seri'),
(235, 'BCE-PR-H', 'BCE 1St Pref Shares Seri'),
(236, 'BCE-PR-J', 'BCE Inc Preferred Sh Ser'),
(237, 'BCE-PR-L', 'BCE Inc Pref Series Al'),
(238, 'BCE-PR-N', 'BCE Inc Preferred Shares Series An'),
(239, 'BCE-PR-Q', 'BCE Inc Preferred Shares'),
(240, 'BCE-PR-S', 'BCE Inc Ser S'),
(241, 'BCE-PR-Y', 'BCE Inc Ser Y Pr'),
(242, 'BCI', 'New Look Eyewear Inc'),
(243, 'BDT', 'Bird Construction Inc.'),
(244, 'BEK-B', 'Becker Milk Company Ltd.'),
(245, 'BEP-PR-G', 'Brookfield Renewable Energy Pref Ser 7'),
(246, 'BEP-UN', 'Brookfield Renewable Ene'),
(247, 'BHY-UN', 'Brookfield High Yld Stra'),
(248, 'BIG-PR-D', 'Big 8 Split Inc Pref Cla'),
(249, 'BIP-PR-B', 'Brookfield Infra Partners LP Pref Ser 3'),
(250, 'BIP-UN', 'Brookfield Infra Partner'),
(251, 'BIR-PR-A', 'Birchcliff Energy Ltd Pr'),
(252, 'BK', 'Canadian Banc Corp'),
(253, 'BKI', 'Black Iron Inc'),
(254, 'BKL-F', 'Powershares Senior Loan Index ETF'),
(255, 'BLB-UN', 'Bloom Select Income Fund'),
(256, 'BLDP', 'Ballard Power'),
(257, 'BLX', 'Boralex Inc.'),
(258, 'BLX-R', 'Boralex Inc Sub Receipts'),
(259, 'BMO-PR-A', 'BMO Pref Shares Series 26'),
(260, 'BMO-PR-K', 'BMO Non-Cumulative Cl B'),
(261, 'BMO-PR-M', 'BMO Cl B Pref Shares Se'),
(262, 'BMO-PR-R', 'BMO Cl B Pref Shares Ser'),
(263, 'BMO-PR-T', 'BMO Non Cum Cl B Prf Sha'),
(264, 'BMO-PR-Y', 'Bank of Montreal Pref Se'),
(265, 'BNC', 'Purpose CDN Financial Income Fund ETF'),
(266, 'BNE', 'Bonterra Energy Corp'),
(267, 'BNG-RT', 'Bengal Energy Ltd RTS'),
(268, 'BNS', 'Bank of Nova Scotia'),
(269, 'BNS-PR-B', 'Bns Preferred Shares Ser'),
(270, 'BNS-PR-D', 'Bns Preferred Shares Ser'),
(271, 'BNS-PR-F', 'Bns Preferred Shares Series 33'),
(272, 'BNS-PR-H', 'Bns Preferred Shares Series 38'),
(273, 'BNS-PR-O', 'Bns Pref Shares Series'),
(274, 'BNS-PR-Q', 'Bns Pref Shares  Series'),
(275, 'BNS-PR-Y', 'Bank of Nova Scotia 5 Yr'),
(276, 'BOS', 'Airboss America J'),
(277, 'BOY', 'Boyuan Construction Grou'),
(278, 'BPF-UN', 'Boston Pizza Royalties I'),
(279, 'BPO-PR-C', 'Brookfield Office Properties Pref Ser CC'),
(280, 'BPO-PR-K', 'Brookfield Office Proper'),
(281, 'BPO-PR-P', 'Brookfield Office Proper'),
(282, 'BPO-PR-S', 'Brookfield Office Properties Pref Ser S'),
(283, 'BPO-PR-U', 'Brookfield Office Proper'),
(284, 'BPO-PR-X', 'Brookfield Office Proper'),
(285, 'BPS-PR-A', 'Brookfield Property Spli'),
(286, 'BPS-PR-C', 'Brookfield Property Spli'),
(287, 'BPY-UN', 'Brookfield Property Part'),
(288, 'BRB', 'Brick Brewing J'),
(289, 'BRF-PR-A', 'Brookfield Renewable  Pr'),
(290, 'BRF-PR-C', 'Brookfield Renewable Pow'),
(291, 'BRF-PR-F', 'Brookfield Renewable Pow'),
(292, 'BRY', 'Bri Chem Corp'),
(293, 'BSC-PR-C', 'Bns Split Corp II Pref B Series 2'),
(294, 'BSD-UN', 'Brookfield Soundvest Spl'),
(295, 'BSO-UN', 'Brookfield Select Opport'),
(296, 'BTB-DB-E', 'Btb REIT 6.90 Pct Debs'),
(297, 'BTB-UN', 'Btb REIT Units'),
(298, 'BTO', 'B2Gold Corp.'),
(299, 'BUA-UN', 'Bloom US Income and Grow'),
(300, 'BX', 'Biox Corporation'),
(301, 'BXE-DB', 'Bellatrix Exploration Ltd 6.75 Pct Debs'),
(302, 'BXS-DB-C', 'Barclays Bank Fixed Rate Notes I 28'),
(303, 'BYD-UN', 'Boyd Group Income Fund'),
(304, 'CAL', 'Caledonia Mining Corpora'),
(305, 'CAN', 'Horizons Canadian Dollar Currency ETF'),
(306, 'CARA', 'Cara Operations Limited'),
(307, 'CBB', 'First Asset Core Balance'),
(308, 'CBD-A', 'Ishares Balanced Income'),
(309, 'CBH-A', 'Ishares 1-10Yr Laddered'),
(310, 'CBN', 'Ishares Balanced Growth'),
(311, 'CBO-A', 'Ishares 1-5Yr Laddered C'),
(312, 'CBQ-A', 'Ishares BRIC ETF AC'),
(313, 'CCA', 'Cogeco Cable Inc. Sv'),
(314, 'CCL-A', 'Ccl Inc. Cl A'),
(315, 'CCM', 'Canarc Res J'),
(316, 'CCS-PR-C', 'Co-Operators Gen Ins Cl'),
(317, 'CCZ', 'Criticalcontrol Solution'),
(318, 'CDH', 'Corridor Resources Inc.'),
(319, 'CDZ', 'Ishares SP TSX CDN Divid'),
(320, 'CED', 'First Asset Core CDN Equ'),
(321, 'CEF-A', 'Central Fund of Canada L'),
(322, 'CES', 'First Asset Core US Equi'),
(323, 'CET', 'Cathedral Energy Service'),
(324, 'CEW', 'Ishares Equal Weight Ban'),
(325, 'CF', 'Canaccord Genuity Group'),
(326, 'CF-PR-C', 'Canaccord Genuity Group'),
(327, 'CFP', 'Canfor Corp'),
(328, 'CFX', 'Canfor Pulp Products Inc'),
(329, 'CGC', 'Canopy Growth Corporation'),
(330, 'CGI', 'CDN General Inv'),
(331, 'CGL', 'Ishares Gold Bullion ETF'),
(332, 'CGO', 'Cogeco Inc. Sv'),
(333, 'CGT', 'Columbus Gold Corp'),
(334, 'CGX-DB-A', 'Cineplex Inc 4.50 Pct De'),
(335, 'CHB', 'Ishares US HY Fixed Inco'),
(336, 'CHE-DB', 'Chemtrade Logistics Inco'),
(337, 'CHE-DB-B', 'Chemtrade Logistics If 5'),
(338, 'CHE-UN', 'Chemtrade Logistics Inco'),
(339, 'CHH-NT', 'Centric Health Corp 6.75'),
(340, 'CHR', 'Chorus Aviation Inc Cl B'),
(341, 'CHW-DB', 'Chesswood Group Limited'),
(342, 'CIC', 'Canbanc Income Corp'),
(343, 'CIE-A', 'Ishares Intl Fundamental'),
(344, 'CIF-A', 'Ishares Global Infrastru'),
(345, 'CIQ-UN', 'Canadian High Income Equ'),
(346, 'CIU-PR-C', 'Cu Inc Preferred Series'),
(347, 'CJ', 'Cardinal Energy Ltd'),
(348, 'CJP', 'Ishares Japan Fund Idx E'),
(349, 'CJR-B', 'Corus Entertainment Inc.'),
(350, 'CJT-A', 'Cargojet Inc. Variable V'),
(351, 'CJT-DB-C', 'Cargojet Inc 4.65 Pct Debs'),
(352, 'CKI', 'Clarke Inc'),
(353, 'CLF-A', 'Ishares 1-5 Yr Ladder Go'),
(354, 'CLG-A', 'Ishares 1-10Yr Ladder Go'),
(355, 'CLS', 'Celestica Inc. Sv'),
(356, 'CLU-A', 'Ishares US Fundamental I'),
(357, 'CLU-C', 'Ishares US Fundamental I'),
(358, 'CM-PR-O', 'Cibc Pref Ser 39'),
(359, 'CM-PR-Q', 'Cibc Pref Series 43'),
(360, 'CMG', 'Computer Modelling Group'),
(361, 'CMMC', 'Copper Mountain Mining Corp'),
(362, 'CMR-A', 'Ishares Premium Money Market ETF AC'),
(363, 'CNE', 'Canacol Energy Ltd'),
(364, 'CNL-WT-A', 'Continental Gold Inc Wts'),
(365, 'CNR', 'Canadian National Railwa'),
(366, 'CNU', 'Cnooc Limited'),
(367, 'COP', 'Coro Mining Corp.'),
(368, 'COW-A', 'Ishares Global Agri Inde'),
(369, 'CPD', 'Ishares SP TSX CDN Pref'),
(370, 'CPF-UN', 'CDN 50 Adv Pref Sh Fd'),
(371, 'CPH', 'Cipher Pharmaceuticals I'),
(372, 'CPX', 'Capital Power Corporatio'),
(373, 'CPX-PR-C', 'Capital Power Corp Pref'),
(374, 'CPX-PR-G', 'Capital Power Corporation Pref Series 7'),
(375, 'CR', 'Crew Energy Inc'),
(376, 'CRN', 'Crown Capital Partners I'),
(377, 'CRQ', 'Ishares  Canadian Fundam'),
(378, 'CRR-DB-D', 'Crombie REIT 5 Pct Debs'),
(379, 'CRR-UN', 'Crombie Real Estate Inve'),
(380, 'CS', 'Capstone Mining Corp.'),
(381, 'CSD-A', 'Ishares Adv Shrt Dur Hi'),
(382, 'CSH-UN', 'Chartwell Retirement Res'),
(383, 'CSU', 'Constellation Software I'),
(384, 'CSW-A', 'Corby Spirit and Wine Lt'),
(385, 'CSY', 'Can 60 Income Corp'),
(386, 'CTC-A', 'Canadian Tire Corporatio'),
(387, 'CTU', 'Le Chateau Inc Cl B'),
(388, 'CU', 'Canadian Utilities Ltd.'),
(389, 'CU-PR-D', 'Canadian Utilities Ltd P'),
(390, 'CU-PR-F', 'Canadian Utilities Ltd P'),
(391, 'CU-PR-H', 'Canadian Utilities Ltd P'),
(392, 'CU-X', 'CDN Util Cl B'),
(393, 'CUD-A', 'Ishares SP US Div Grower'),
(394, 'CUP-U', 'Caribbean Util US'),
(395, 'CUS-DB-B', 'Canexus Corp 5.75 Pct Se'),
(396, 'CUS-DB-D', 'Canexus Corp 6.5 Pct Deb'),
(397, 'CVD-A', 'Ishares Convertible Bond'),
(398, 'CVG', 'Clairvest Group'),
(399, 'CVL-DB', 'Cervus Equipment Corp 6'),
(400, 'CWB-PR-B', 'Canadian Western Bank Pr'),
(401, 'CWF', 'CDN World Fund'),
(402, 'CWL', 'Caldwell Partners Intern'),
(403, 'CWW', 'Ishares SP Global Water'),
(404, 'CWX', 'Canwel Building Material'),
(405, 'CXF-A', 'First Asset CDN Convert Bond ETF AC'),
(406, 'CXN', 'Chalice Gold Mines Limit'),
(407, 'CYB', 'Cymbria Corporation Cl A'),
(408, 'CYH-A', 'Ishares Global Monthly D'),
(409, 'CZN', 'CDN Zinc Corp J'),
(410, 'CAE', 'Cae Inc'),
(411, 'CAM', 'Canam Group Inc.'),
(412, 'CAR-UN', 'CDN Apartment Un'),
(413, 'CAS', 'Cascades Inc'),
(414, 'CBD', 'Ishares Balanced Income'),
(415, 'CBH', 'Ishares 1-10 Yr Laddered'),
(416, 'CBL', 'Callidus Capital Corp'),
(417, 'CBO', 'Ishares 1-5Yr Laddered C'),
(418, 'CBQ', 'Ishares BRIC ETF'),
(419, 'CBT-UN', 'June 2020 Corporate Bond Trust'),
(420, 'CCI-UN', 'Canadian Convertibles Pl'),
(421, 'CCL-B', 'Ccl Industries Inc. Cl.'),
(422, 'CCO', 'Cameco Corp'),
(423, 'CCX', 'Canadian Crude Oil Index'),
(424, 'CDD-UN', 'Core Canadian Dividend T'),
(425, 'CDM-WT', 'Coeur Mining Inc Warrant'),
(426, 'CDZ-A', 'Ishares SP TSX CDN Divid'),
(427, 'CEE', 'Centamin Plc'),
(428, 'CEF-U', 'Central Fund of Canada L'),
(429, 'CES-B', 'First Asset Core US Equi'),
(430, 'CEU', 'Canadian Energy Svcs and'),
(431, 'CEW-A', 'Ishares Equal Weight Ban'),
(432, 'CF-PR-A', 'Canaccord Genuity Group'),
(433, 'CFF', 'Conifex Timber Inc'),
(434, 'CFW', 'Calfrac Well Services Lt'),
(435, 'CG', 'Centerra Gold Inc.'),
(436, 'CGG', 'China Gold Int Resources'),
(437, 'CGI-PR-D', 'Canadian General Inv Ltd'),
(438, 'CGL-C', 'Ishares Gold Bullion ETF'),
(439, 'CGR', 'Ishares Global Real Esta'),
(440, 'CGX', 'Cineplex Inc.'),
(441, 'CGY', 'Calian Group Limited'),
(442, 'CHB-A', 'Ishares US HY Fixed Inco'),
(443, 'CHE-DB-A', 'Chemtrade Logistics If 5'),
(444, 'CHE-DB-C', 'Chemtrade Logistics Income Fund 5.0 Debs'),
(445, 'CHH', 'Centric Health Corporati'),
(446, 'CHP-UN', 'Choice Properties REIT'),
(447, 'CHW', 'Chesswood Group Limited'),
(448, 'CIA', 'Champion Iron Limited'),
(449, 'CIE', 'Ishares Intl Fundamental'),
(450, 'CIF', 'Ishares Global Infrastru'),
(451, 'CIGI', 'Colliers International Group Inc.'),
(452, 'CIU-PR-A', 'Cu Inc. Preferred Share'),
(453, 'CIX', 'Ci Financial Corp.'),
(454, 'CJ-DB', 'Cardinal Energy Ltd 5.50 Pct Debs'),
(455, 'CJP-A', 'Ishares Japan Fund Idx E'),
(456, 'CJT', 'Cargojet Inc.'),
(457, 'CJT-DB-B', 'Cargojet Inc 5.5 Pct Deb'),
(458, 'CKE', 'Chinook Energy Inc.'),
(459, 'CLF', 'Ishares 1-5 Yr Ladder Go'),
(460, 'CLG', 'Ishares 1-10 Yr Ladder G'),
(461, 'CLR', 'Clearwater Seafoods Inco'),
(462, 'CLU', 'Ishares US Fundamental I'),
(463, 'CLU-B', 'Ishares US Fundamental I'),
(464, 'CM', 'Canadian Imperial Bank O'),
(465, 'CM-PR-P', 'Cibc Pref Series 41'),
(466, 'CMED', 'Cannimed Therapeutics Inc'),
(467, 'CMH', 'Carmanah Technologies Co'),
(468, 'CMR', 'Ishares Premium Money Ma'),
(469, 'CMZ-UN', 'Compass Income Fund'),
(470, 'CNL', 'Continental Gold Ltd'),
(471, 'CNQ', 'CDN Natural Res'),
(472, 'CNT', 'Century Global Commodities Corp'),
(473, 'COM', 'Cardiome Pharma Corp'),
(474, 'COW', 'Ishares Global Agri Inde'),
(475, 'CP', 'Canadian Pacific Railway'),
(476, 'CPD-A', 'Ishares SP TSX CDN Pref'),
(477, 'CPG', 'Crescent Point Energy Co'),
(478, 'CPI', 'Condor Petroleum Inc'),
(479, 'CPX-PR-A', 'Capital Power Corporatio'),
(480, 'CPX-PR-E', 'Capital Power Corporatio'),
(481, 'CQE', 'Cequence Energy Ltd.'),
(482, 'CRH', 'CRH Medical Corporation'),
(483, 'CRP', 'Ceres Global Ag Corp.'),
(484, 'CRQ-A', 'Ishares CAD Fundamental'),
(485, 'CRR-DB-E', 'Crombie REIT 5.25 Pct De'),
(486, 'CRT-UN', 'Ct Real Estate Investmen'),
(487, 'CSD', 'Ishares Adv Short Dur Hi'),
(488, 'CSE-PR-A', 'Capstone Infrastructure'),
(489, 'CSM', 'Clearstream Energy Services Inc'),
(490, 'CSU-DB', 'Constellation Software I'),
(491, 'CSW-B', 'Corby Spirit and Wine Lt'),
(492, 'CTC', 'Canadian Tire Corporatio'),
(493, 'CTF-UN', 'Citadel Income Fund'),
(494, 'CTX', 'Crescita Therapeutics Inc'),
(495, 'CU-PR-C', 'Canadian Utilities Limit'),
(496, 'CU-PR-E', 'Canadian Utilities Ltd P'),
(497, 'CU-PR-G', 'Canadian Utilities Ltd P'),
(498, 'CU-PR-I', 'Canadian Utilities Ltd Pref Ser Ff'),
(499, 'CUD', 'Ishares SP US Div Grower'),
(500, 'CUF-UN', 'Cominar R E Un'),
(501, 'CUS', 'Canexus Corporation'),
(502, 'CUS-DB-C', 'Canexus Corp 6.00 Pct Co'),
(503, 'CVD', 'Ishares Convertible Bond'),
(504, 'CVE', 'Cenovus Energy Inc.'),
(505, 'CVL', 'Cervus Equipment Corpora'),
(506, 'CWB', 'CDN Western Bank'),
(507, 'CWB-PR-C', 'Canadian Western Bank Pref Series 7'),
(508, 'CWI', 'Crosswinds Holdings Inc'),
(509, 'CWO', 'Ishares Emg Mkts Fundame'),
(510, 'CWW-A', 'Ishares SP Global Water'),
(511, 'CXF', 'First Asset CDN Convert'),
(512, 'CXI', 'Currency Exchange Intern'),
(513, 'CXR', 'Concordia Healthcare Cor'),
(514, 'CYH', 'Ishares Global Monthly D'),
(515, 'CYT', 'Catalyst Paper Corporati'),
(516, 'CZQ', 'Continental Precious Min'),
(517, 'DA-A', 'Discovery Air Inc.'),
(518, 'DAQ-A', 'Dundee Acquisition Ltd C'),
(519, 'DBO', 'Dbox Technologies Inc'),
(520, 'DC-PR-B', 'Dundee Corp First Pref S'),
(521, 'DC-PR-E', 'Dundee Corp First Pref Shares Series 5'),
(522, 'DCD-UN', 'First Asset Diversified'),
(523, 'DCF-DB', 'Difference Cap Financial'),
(524, 'DCM', 'Data Communications Mgmt Corp'),
(525, 'DDC', 'Dominion Diamond Corpora'),
(526, 'DEE-NT', 'Delphi Energy Corp 10 Pct Notes'),
(527, 'DEN', 'Dundee Energy Limited'),
(528, 'DF-PR-A', 'Dividend 15 Split Corp.'),
(529, 'DFN-PR-A', 'Dividend 15 Split Corp.'),
(530, 'DGR', 'Wisdomtree US Qlty Div Gwth Idx ETF'),
(531, 'DGS', 'Dividend Growth Split Co'),
(532, 'DH', 'Dh Corporation'),
(533, 'DH-DB-A', 'Dh Corporation 5.0 Pct D'),
(534, 'DHX-B', 'Dhx Media Ltd Class B'),
(535, 'DII-B', 'Dorel Industries Inc. C'),
(536, 'DIN-DB', 'Dir Industrial Propertie'),
(537, 'DIR-UN', 'Dream Industrial REIT'),
(538, 'DLR', 'Horizons US Dollar Curre'),
(539, 'DML', 'Denison Mines Corp.'),
(540, 'DNA', 'Dalradian Resources Inc.'),
(541, 'DNG', 'Dynacor Gold Mines Inc'),
(542, 'DOL', 'Dollarama Inc'),
(543, 'DPM', 'Dundee Precious Metals I'),
(544, 'DQI', 'Wisdomtree Intl Qlty Div Gwth Dyn Hgd'),
(545, 'DR-DB-A', 'Medical Facilities Corp'),
(546, 'DRG-UN', 'Dream Global REIT'),
(547, 'DRM-PR-A', 'Dream Unlimited Corp Pre'),
(548, 'DRX', 'Adf Group Inc. Sv'),
(549, 'DSG', 'Descartes Sys'),
(550, 'DW', 'Datawind Inc'),
(551, 'DXI', 'Dxi Energy Inc'),
(552, 'DXM-A', 'F A Morningstar Cda Div'),
(553, 'D-UN', 'Dream Office REIT'),
(554, 'DA-DB-A', 'Discovery Air Inc 8.375'),
(555, 'DAQ-WT', 'Dundee Acquisition Ltd W'),
(556, 'DC-A', 'Dundee Corp. Cl.A Sv'),
(557, 'DC-PR-D', 'Dundee Corp Pref Series'),
(558, 'DC-WT', 'Dundee Corp Class A Wts'),
(559, 'DCF', 'Difference Capital Finan'),
(560, 'DCI', 'Directcash Payments Inc.'),
(561, 'DCM-DB', 'Data Communications Mgmt 6.0 Pct Debs'),
(562, 'DEE', 'Delphi Energy Corp.'),
(563, 'DEE-WT', 'Delphi Energy Corp Wts'),
(564, 'DF', 'Dividend 15 Split Corp.'),
(565, 'DFN', 'Dividend 15 Split Corp'),
(566, 'DGC', 'Detour Gold Corporation'),
(567, 'DGR-B', 'Wisdomtree US Qlty Div Gwth Idx ETF Nh'),
(568, 'DGS-PR-A', 'Dividend Growth Split Co'),
(569, 'DH-DB', 'Dh Corporation 6.00 Pct'),
(570, 'DHX-A', 'Dhx Media Ltd Class A'),
(571, 'DII-A', 'Dorel Industries Inc. C'),
(572, 'DII-DB-U', 'Dorel Industries Inc 5.5'),
(573, 'DIR-DB', 'Dream Industrial REIT 5.'),
(574, 'DIV', 'Diversified Royalty Corp'),
(575, 'DLR-U', 'Horizons US Dollar Curre'),
(576, 'DMM', 'Dynasty Metals'),
(577, 'DNA-WT-A', 'Dalradian Resources Inc'),
(578, 'DNT', 'Candente Copper Corp'),
(579, 'DOO', 'Brp Inc'),
(580, 'DQD', 'Wisdomtree US Qlty Div Gwth Dyn Hgd ETF'),
(581, 'DR', 'Medical Facilities Corp'),
(582, 'DRA-UN', 'Dream Hard Asset Alterna'),
(583, 'DRM', 'Dream Unlimited Corp'),
(584, 'DRT', 'Dirtt Environmental Solu'),
(585, 'DS', 'Dividend Select 15 Corp.'),
(586, 'DSL-UN', 'Doubleline Income Soluti'),
(587, 'DWI', 'Dragonwave Inc.'),
(588, 'DXM', 'F A Morningstar Cda Div'),
(589, 'EBC-UN', 'Europe Blue Chip Div and'),
(590, 'ECA', 'Encana Corp.'),
(591, 'ECI', 'Enercare Inc.'),
(592, 'ECN', 'Ecn Capital Corp'),
(593, 'ECO', 'Ecosynthetix Inc'),
(594, 'EDR', 'Endeavour Silver Corp.'),
(595, 'EDV', 'Endeavour Mining Corp'),
(596, 'EFL', 'Electrovaya Inc.'),
(597, 'EFN-DB', 'Element Financial Corp 5'),
(598, 'EFN-PR-A', 'Element Financial Corp P'),
(599, 'EFN-PR-E', 'Element Financial Corp P'),
(600, 'EFR', 'Energy Fuels Inc.'),
(601, 'EFR-WT', 'Energy Fuels Inc Wts'),
(602, 'EGI-UN', 'Excel India Growth and I'),
(603, 'EGZ', 'Energizer Resources Inc'),
(604, 'EIF', 'Exchange Income Corporat'),
(605, 'EIF-DB-F', 'Exchange Income Corp 5.3'),
(606, 'EIF-DB-H', 'Exchange Income Corp 5.25 Pct Debs'),
(607, 'ELD', 'Eldorado Gold'),
(608, 'ELF-PR-F', 'E-L Financial Corp. Ltd.'),
(609, 'ELF-PR-H', 'E - L Financial Corp Ltd'),
(610, 'ELV', 'Powershares SP Emg Mkts'),
(611, 'EMA-PR-A', 'Emera Inc Series A Pref'),
(612, 'EMA-PR-C', 'Emera Inc Pref Sh Series'),
(613, 'EMA-PR-F', 'Emera Inc Series F Pref'),
(614, 'EMP-A', 'Empire Company Ltd. Cl.'),
(615, 'ENB-PF-A', 'Enbridge Inc Pref Series'),
(616, 'ENB-PF-E', 'Enbridge Inc Pref Series'),
(617, 'ENB-PF-I', 'Enbridge Inc Pref Series 17'),
(618, 'ENB-PF-V', 'Enbridge Inc Pref Series'),
(619, 'ENB-PR-B', 'Enbridge Inc Cum Redeem'),
(620, 'ENB-PR-F', 'Enbridge Inc Pref Ser F'),
(621, 'ENB-PR-J', 'Enbridge Inc Pref Ser 7'),
(622, 'ENB-PR-P', 'Enbridge Inc Pref Ser P'),
(623, 'ENB-PR-U', 'Enbridge Inc Pref Sh Ser'),
(624, 'ENB-PR-Y', 'Enbridge Inc Cum Red Pre'),
(625, 'ENF', 'Enbridge Income Fund Hol'),
(626, 'ENI-UN', 'Energy Income Fund'),
(627, 'ENT-DB', 'Entrec Corporation 7 Pct'),
(628, 'EOX', 'Euromax Resources Ltd'),
(629, 'EPS', 'Epsilon Energy Ltd.'),
(630, 'EQB', 'Equitable Group Inc'),
(631, 'EQI', 'Equity Financial Holding'),
(632, 'ERD', 'Erdene Resource Developm'),
(633, 'ERM', 'Eclipse Residential Mort'),
(634, 'ESM', 'Euro Sun Mining Inc'),
(635, 'ESP', 'Espial Group Inc.'),
(636, 'ETG', 'Entree Gold Inc.'),
(637, 'ETX', 'Etrion Corporation'),
(638, 'EUR-A', 'First Trust Alphadex EUR'),
(639, 'EXE', 'Extendicare Inc'),
(640, 'EXF', 'Exfo Inc'),
(641, 'EXN-WT', 'Excellon Resources Inc Wts'),
(642, 'E', 'Enterprise Group Inc'),
(643, 'EBF-UN', 'European Strategic Balan'),
(644, 'ECF-UN', 'East Coast Invest Grade'),
(645, 'ECI-DB', 'Enercare Inc. 6.25 Pct D'),
(646, 'ECN-PR-A', 'Ecn Capital Corp Pref Series A'),
(647, 'ECS', 'Ecobalt Solutions Inc'),
(648, 'EDT', 'Spectral Medical Inc'),
(649, 'EFH', 'Echelon Financial Holdin'),
(650, 'EFN', 'Element Financial Corp'),
(651, 'EFN-DB-A', 'Element Financial Corp 4'),
(652, 'EFN-PR-C', 'Element Financial Corp P'),
(653, 'EFN-PR-G', 'Element Financial Corp P'),
(654, 'EFR-DB', 'Energy Fuels Inc Debs'),
(655, 'EFX', 'Enerflex Ltd'),
(656, 'EGL', 'Eagle Energy Inc.'),
(657, 'EHE', 'Wisdomtree Europe Hedged Eqty Idx ETF'),
(658, 'EIF-DB-E', 'Exchange Income Corp 5.5'),
(659, 'EIF-DB-G', 'Exchange Income Corp 6.0'),
(660, 'EIT-UN', 'Canoe Eit Income Fund Un'),
(661, 'ELF', 'E-L Financial'),
(662, 'ELF-PR-G', 'E- L Financial Corp. Lim'),
(663, 'ELR', 'Eastern Platinum Limited'),
(664, 'EMA', 'Emera Incorporated'),
(665, 'EMA-PR-B', 'Emera Inc Pref Sh Series'),
(666, 'EMA-PR-E', 'Emera Inc Pref Series E'),
(667, 'EML-PR-A', 'The Empire Life Insurance Co Pref A'),
(668, 'ENB', 'Enbridge Inc'),
(669, 'ENB-PF-C', 'Enbridge Inc Pref Series'),
(670, 'ENB-PF-G', 'Enbridge Inc Pref Series'),
(671, 'ENB-PF-U', 'Enbridge Inc Preferred S'),
(672, 'ENB-PR-A', 'Enbridge Pr'),
(673, 'ENB-PR-D', 'Enbridge Inc Pref Ser D'),
(674, 'ENB-PR-H', 'Enbridge Inc Preferred S'),
(675, 'ENB-PR-N', 'Enbridge Inc Pref Ser N'),
(676, 'ENB-PR-T', 'Enbridge Inc Pref Ser R'),
(677, 'ENB-PR-V', 'Enbridge Inc Pref Ser 1'),
(678, 'ENDP', 'Endo International Plc'),
(679, 'ENGH', 'Enghouse Systems Ltd.'),
(680, 'ENT', 'Entrec Corporation'),
(681, 'EOM', 'Eco Oro Minerals Corp'),
(682, 'EPI', 'Essa Pharma Inc'),
(683, 'EPS-DB', 'Epsilon Energy Ltd 7.75'),
(684, 'EQB-PR-C', 'Equitable Group Inc Pref'),
(685, 'ER', 'Eastmain Res J'),
(686, 'ERF', 'Enerplus Corporation'),
(687, 'ESI', 'Ensign Energy Services I'),
(688, 'ESN', 'Essential Energy Service'),
(689, 'ET', 'Evertz Technologies Limi'),
(690, 'ETP', 'First Trust Global Risk'),
(691, 'EUR', 'First Trust Alphadex EUR'),
(692, 'EVT', 'Economic Investment'),
(693, 'EXE-DB-B', 'Extendicare Inc 6 Pct De'),
(694, 'EXN', 'Excellon Resources Inc.'),
(695, 'FAO', 'First Asset Active Credi'),
(696, 'FAP', 'Aberdeen Asia-Pacific In'),
(697, 'FBE', 'First Asset Canadian Buyback Index ETF'),
(698, 'FC', 'Firm Capital Mortgage In'),
(699, 'FC-DB-B', 'Firm Capital Mtg Inv Cor'),
(700, 'FC-DB-D', 'Firm Capital Mortgage In'),
(701, 'FC-DB-F', 'Firm Capital Mortgage 5.50 Pct Debs'),
(702, 'FCE', 'First Asset Cambridge Core CDN Eq ETF'),
(703, 'FCR-DB-E', 'First Capital Realty Inc'),
(704, 'FCR-DB-I', 'First Capital Realty Inc'),
(705, 'FCS-PR-C', 'Faircourt Split Trust 6.'),
(706, 'FCU', 'Fission Uranium Corp'),
(707, 'FCY-B', 'First Asset Cambridge Core US Eq ETF Uh'),
(708, 'FDE-A', 'First Trust Alphadex Emg Mkt Div CAD AC'),
(709, 'FDV-A', 'First Asset Active CDN Dividend ETF AC'),
(710, 'FDY-A', 'First Trust Alphadex CDN Dividend ETF AC'),
(711, 'FFH-PR-C', 'Fairfax Fncl Holdings Lt'),
(712, 'FFH-PR-E', 'Fairfax Financial Hldngs'),
(713, 'FFH-PR-G', 'Fairfax Financial Hldngs'),
(714, 'FFH-PR-I', 'Fairfax Financial Holdin'),
(715, 'FFH-PR-K', 'Fairfax Financial Holdin'),
(716, 'FFH-U', 'Fairfax Financial Holdin'),
(717, 'FFN', 'North American Financial'),
(718, 'FGB', 'Fa Short Term Govt Bond Index Class ETF'),
(719, 'FGM', 'Fa Global Momentum CAD Hedged Class ETF'),
(720, 'FHB', 'First Asset Hamilton Cap'),
(721, 'FHC', 'First Trust Alphadex US'),
(722, 'FHE', 'First Trust Alphadex US'),
(723, 'FHG', 'First Trust Alphadex US'),
(724, 'FHM', 'First Trust Alphadex US'),
(725, 'FHU', 'First Trust Alphadex US'),
(726, 'FIE-A', 'Ishares CDN Fin Mthly In'),
(727, 'FIH-U', 'Fairfax India Holdings C'),
(728, 'FLI', 'First Asset US Cda Lifec'),
(729, 'FM', 'First Quantum Minerals L'),
(730, 'FN-PR-A', 'First National Financial'),
(731, 'FNM-UN', 'First National Mortgage'),
(732, 'FNV-WT-A', 'Franco-Nevada Corporatio'),
(733, 'FQC', 'Fa MSCI Can Quality Index Class ETF'),
(734, 'FRC', 'Canyon Services Group In'),
(735, 'FRU', 'Freehold Royalties Ltd.'),
(736, 'FSD', 'First Trust Sh Dur Hi Yld Bnd ETF'),
(737, 'FSF', 'First Asset Global Financial Sector ETF'),
(738, 'FSL-A', 'First Trust Senior Loan'),
(739, 'FST', 'First Trust CDN Capital Strength ETF'),
(740, 'FSV', 'Firstservice Corporation'),
(741, 'FSZ', 'Fiera Capital Corp'),
(742, 'FTB', 'First Trust Tactical Bon'),
(743, 'FTN', 'Financial 15 Split Corp'),
(744, 'FTP', 'Fortress Paper Ltd.'),
(745, 'FTS', 'Fortis Inc'),
(746, 'FTS-PR-G', 'Fortis Inc. First Pref S'),
(747, 'FTS-PR-I', 'Fortis Inc Pref Series I'),
(748, 'FTS-PR-K', 'Fortis Inc Pref Series K'),
(749, 'FTT', 'Finning Intl'),
(750, 'FTU-PR-B', 'US Finl 15 Split 2012 Pr'),
(751, 'FUD-A', 'First Trust Alphadex US'),
(752, 'FUT', 'Fa US Tactical Sector Allocation Idx ETF'),
(753, 'FVL', 'Freegold Ventures Limite'),
(754, 'FXM-A', 'F A Morningstar Cda Valu'),
(755, 'FAI', 'Fa Active Utility and In'),
(756, 'FAO-U', 'First Asset Active Credi'),
(757, 'FAR', 'Foraco International Sa'),
(758, 'FBU', 'First Asset US Buyback Index ETF'),
(759, 'FC-DB-A', 'Firm Capital Mortgage 5.'),
(760, 'FC-DB-C', 'Firm Capital Mortgage In'),
(761, 'FC-DB-E', 'Firm Cap Mtg Invest Corp'),
(762, 'FC-DB-G', 'Firm Capital Mortgage Inv 5.20 Pct Debs'),
(763, 'FCR', 'First Capital Realty Inc'),
(764, 'FCR-DB-F', 'First Capital Realty 5.2'),
(765, 'FCR-DB-J', 'First Capital Realty Inc'),
(766, 'FCS-UN', 'Faircourt Split Trust'),
(767, 'FCY', 'First Asset Cambridge Core US Equity ETF'),
(768, 'FDE', 'First Trust Alphadex Emg'),
(769, 'FDV', 'First Asset Active CDN D'),
(770, 'FDY', 'First Trust Alphadex CDN'),
(771, 'FFH', 'Fairfax Financial Holdin'),
(772, 'FFH-PR-D', 'Fairfax Fncl Holdings Lt'),
(773, 'FFH-PR-F', 'Fairfax Financial Holdin'),
(774, 'FFH-PR-H', 'Fairfax Fncl Holdings Ltd Pref Ser H'),
(775, 'FFH-PR-J', 'Fairfax Fncl Holdings Ltd Pref Ser J'),
(776, 'FFH-PR-M', 'Fairfax Financial Holdin'),
(777, 'FFI-UN', 'Flaherty & Crumrine Fixe'),
(778, 'FFN-PR-A', 'North American Fin 15 SP'),
(779, 'FGL', 'First Asset Global Momentum Et'),
(780, 'FGX', 'Faircourt Gold Income Co'),
(781, 'FHB-A', 'First Asset Hamilton Cap'),
(782, 'FHD', 'First Trust Alphadex US'),
(783, 'FHF', 'First Trust Alphadex US'),
(784, 'FHH', 'First Trust Alphadex US'),
(785, 'FHQ', 'First Trust Alphadex US'),
(786, 'FIE', 'Ishares CDN Fin Mthly In'),
(787, 'FIG', 'First Asset Investment Grade Bond ETF'),
(788, 'FLB', 'Fa Long Dur Fixed Inc ETF'),
(789, 'FLI-A', 'First Asset US Cda Lifec'),
(790, 'FN', 'First National Financial'),
(791, 'FN-PR-B', 'First National Financial Corp Pref B'),
(792, 'FNV', 'Franco-Nevada Corporatio'),
(793, 'FPR', 'Fa Preferred Share ETF'),
(794, 'FR', 'First Majestic Silver Co'),
(795, 'FRL-UN', 'Senior Secured Floating'),
(796, 'FRX', 'Fennec Pharmaceuticals I'),
(797, 'FSD-A', 'First Trust Sh Dur Hi Yld Bnd E'),
(798, 'FSL', 'First Trust Senior Loan'),
(799, 'FSR', 'First Trust DW Dyn US Sctr Idx ETF'),
(800, 'FST-A', 'First Trust CDN Capital Strength ETF AC'),
(801, 'FSY', 'Forsys Metals Corp.'),
(802, 'FT', 'Fortune Mnrl J'),
(803, 'FTG', 'Firan Technology Group C'),
(804, 'FTN-PR-A', 'Financial 15 Split Corp'),
(805, 'FTP-DB-A', 'Fortress Paper Ltd 7 Pct'),
(806, 'FTS-PR-F', 'Fortis Inc. Preferred S'),
(807, 'FTS-PR-H', 'Fortis Inc. Pref Series'),
(808, 'FTS-PR-J', 'Fortis Inc Pref Series J'),
(809, 'FTS-PR-M', 'Fortis Inc Pref Series M'),
(810, 'FTU', 'US Financial 15 Split Co'),
(811, 'FUD', 'First Trust Alphadex US'),
(812, 'FUM', 'Fa US Equity Multi Factor Idx ETF'),
(813, 'FVI', 'Fortuna Silver Mines Inc'),
(814, 'FXM', 'F A Morningstar Cda Valu'),
(815, 'GAF-UN', 'Global Alpha Worldwide G'),
(816, 'GBF', 'Globalance Dividend Growers Corp'),
(817, 'GBG-WT', 'Gibraltar Growth Corp Wts'),
(818, 'GBU', 'Gabriel Res J'),
(819, 'GCG', 'Guardian Capital'),
(820, 'GCL', 'Colabor Group Inc.'),
(821, 'GCM', 'Gran Colombia Gold Corp.'),
(822, 'GCM-DB-V', 'Gran Colombia Gold Corp 6.00 Pct Debs'),
(823, 'GCS-PR-A', 'Global Champions Split C'),
(824, 'GDC', 'Genesis Land J'),
(825, 'GDI', 'Gdi Integrated Facility'),
(826, 'GDL', 'Goodfellow Inc'),
(827, 'GEI', 'Gibson Energy Inc'),
(828, 'GEN', 'Genenews Limited'),
(829, 'GGA', 'Goldgroup Mining Inc'),
(830, 'GGD-WT', 'Gogold Resources Inc Wts'),
(831, 'GIB-A', 'CGI Group Inc. Cl.A Sv'),
(832, 'GIL', 'Gildan Activewear Inc.'),
(833, 'GMM-U', 'General Motors Company'),
(834, 'GMP', 'Gmp Capital Inc.'),
(835, 'GMP-PR-C', 'Gmp Capital Inc Series C Preferred'),
(836, 'GPR', 'Great Panther Silver Lim'),
(837, 'GQM', 'Golden Queen Mng J'),
(838, 'GRL', 'Global Real Estate Div G'),
(839, 'GRT-UN', 'Granite Real Estate Inve'),
(840, 'GSB-UN', 'Goldman Sachs US Income'),
(841, 'GSY', 'Easyhome Ltd.'),
(842, 'GTX', 'Gran Tierra Exchangeco I'),
(843, 'GUY', 'Guyana Goldfields Inc'),
(844, 'GWO', 'Great-West Lifeco Inc'),
(845, 'GWO-PR-G', 'Great-West Lifeco Inc. P'),
(846, 'GWO-PR-I', 'Great-West Lifeco Inc.'),
(847, 'GWO-PR-M', 'Great West Lifeco Pref S'),
(848, 'GWO-PR-O', 'Great West Lifeco Pref Series O'),
(849, 'GWO-PR-Q', 'Great West Lifeco Pref S'),
(850, 'GWO-PR-S', 'Great West Lifeco Pref S'),
(851, 'GXE', 'Gear Energy Ltd'),
(852, 'GZT', 'Gazit Globe Ltd'),
(853, 'G', 'Goldcorp Inc'),
(854, 'GAS', 'Canadian Natural Gas Index ETF'),
(855, 'GBG-A', 'Gibraltar Growth Corp Cl A'),
(856, 'GBT', 'Bmtc Group Inc.'),
(857, 'GC', 'Great Canadian Gaming Co'),
(858, 'GCG-A', 'Guardian Capital Group L'),
(859, 'GCL-DB-A', 'Colabor Group Inc 5.70 C'),
(860, 'GCM-DB-U', 'Gran Colombia Gold Corp 1.00 Pct Debs'),
(861, 'GCM-WT-A', 'Gran Colombia Gold Corp'),
(862, 'GCT', 'Gvic Communications Corp'),
(863, 'GDG-UN', 'Global Dividend Growers'),
(864, 'GDI-DB', 'Gdi Integrated Fclty Svcs 5.0 Pct Debs'),
(865, 'GDS', 'Gendis Inc'),
(866, 'GEI-DB', 'Gibson Energy Inc 5.25 Pct Debs'),
(867, 'GEO', 'Geodrill Limited'),
(868, 'GGD', 'Gogold Resources Inc'),
(869, 'GH', 'Gamehost Inc.'),
(870, 'GII-UN', 'Global Div Inv Gr. Incom'),
(871, 'GLG', 'Glg Life Tech Corporatio'),
(872, 'GMO', 'General Moly Inc.'),
(873, 'GMP-PR-B', 'Gmp Capital Inc Series B'),
(874, 'GMX', 'Globex Mining Enterprise'),
(875, 'GPS', 'Bsm Technologies Inc'),
(876, 'GQM-WT', 'Golden Queen Mng Wts'),
(877, 'GRP-PR-A', 'Global Resource Champ Split Pref Ser 1'),
(878, 'GS', 'Gluskin Sheff   Associat'),
(879, 'GSC', 'Golden Star'),
(880, 'GTE', 'Gran Tierra Energy Inc.'),
(881, 'GUD', 'Knight Therapeutics Inc'),
(882, 'GVC', 'Glacier Media Inc'),
(883, 'GWO-PR-F', 'Great-West Lifeco Inc.'),
(884, 'GWO-PR-H', 'Great-West Lifeco Inc.'),
(885, 'GWO-PR-L', 'Great-West Lifeco Inc Pr'),
(886, 'GWO-PR-N', 'Great West Lifeco Inc Pr'),
(887, 'GWO-PR-P', 'Great West Lifeco Inc 5.'),
(888, 'GWO-PR-R', 'Great West Lifeco Inc Se'),
(889, 'GWR', 'Gwr Global Water Resourc'),
(890, 'GXO', 'Granite Oil Corp'),
(891, 'HAB', 'Horizons Active Corporat'),
(892, 'HAC-A', 'Horizons Seasonal Rotati'),
(893, 'HAF', 'Horizons Active Global F'),
(894, 'HAJ-A', 'Horizons Active Emrg Mkt'),
(895, 'HAL-A', 'Horizons Active CDN Divi'),
(896, 'HAU', 'Horizons Active US Divid'),
(897, 'HAU-U', 'Horizons Active US Dividend ETF USD'),
(898, 'HAZ-A', 'Horizons Active Global D'),
(899, 'HBC', 'Hudsons Bay Company'),
(900, 'HBF', 'Brand Leaders Plus Income ETF'),
(901, 'HBG', 'Hamilton Capital Global Bank ETF'),
(902, 'HBM', 'Hudbay Minerals Inc.'),
(903, 'HBP', 'Helix Biopharm'),
(904, 'HCG', 'Home Capital Group Inc.'),
(905, 'HE', 'Hanwei Energy Services C'),
(906, 'HEA-A', 'Horizons Enhd Inc US Equ'),
(907, 'HED', 'Horizons BP SP TSX Energ'),
(908, 'HEE-A', 'Horizons Enhd Income Ene'),
(909, 'HEJ', 'Horizons Enhd Inc Intl E'),
(910, 'HEN-UN', 'Energy Leaders Income Fd'),
(911, 'HEP-A', 'Horizons Enhd Income Gol'),
(912, 'HEU', 'Horizons Betapro S&P/Tsx'),
(913, 'HEX', 'Horizons Enhanced Income'),
(914, 'HFD', 'Horizons BP SP TSX Cap F'),
(915, 'HFR', 'Horizons Active Floating'),
(916, 'HFU', 'Horizons Betapro S&P/Tsx'),
(917, 'HGD', 'Horizons BP Gold Bear Pl'),
(918, 'HGM', 'Horizons Managed Global'),
(919, 'HGN', 'Halogen Software Inc'),
(920, 'HGY', 'Horizons Gold Yield ETF'),
(921, 'HHF', 'Horizons Morningstar Hdg'),
(922, 'HHL', 'Healthcare Leaders Income ETF'),
(923, 'HID', 'Wisdomtree US High Div Idx ETF'),
(924, 'HII', 'Horizons CDN Insider Ind'),
(925, 'HIX', 'Horizons Betapro S&P/Tsx'),
(926, 'HLC-DB', 'Holloway Lodging Corp 6.'),
(927, 'HLF', 'High Liner'),
(928, 'HLP-U', 'Mainstreet Health Investments Inc'),
(929, 'HMA-A', 'Horizons Managed Ma Mome'),
(930, 'HMF-A', 'Horizons Auspice Managed'),
(931, 'HMP', 'Horizons Active CDN Muni'),
(932, 'HND', 'Horizons Betapro Nymex N'),
(933, 'HNU', 'Horizons Beta Pro Nymex'),
(934, 'HNZ', 'Hnz Group Inc.'),
(935, 'HOG', 'Horizons CDN Midstream O'),
(936, 'HOU', 'Horizon Betapro Nymex Cr'),
(937, 'HPF-U', 'Energy Leaders Plus Income ETF USD'),
(938, 'HPR-A', 'Horizons Active Preferre'),
(939, 'HQD', 'Horizons Betapro Nasdaq1'),
(940, 'HR-DB-D', 'Hr REIT 5.90 Pct Conv De'),
(941, 'HR-DB-H', 'Hr REIT 5.40 Pct Debs'),
(942, 'HRA', 'Horizons Global Risk Parity ETF'),
(943, 'HRT', 'Harte Gold Corp'),
(944, 'HSB-PR-C', 'HSBC Bank Canada Pr. C'),
(945, 'HSD', 'Horizons BP Sp500 Bear P'),
(946, 'HSE-PR-A', 'Husky Energy Inc Pref Se'),
(947, 'HSE-PR-C', 'Husky Energy Inc Pref Se'),
(948, 'HSE-PR-G', 'Husky Energy Inc Pref Se'),
(949, 'HSL', 'Horizons Active Float Ra'),
(950, 'HSM-S', 'Helius Medical Technologies Inc Reg S'),
(951, 'HSU', 'Horizons Betapro S&P 500'),
(952, 'HTB', 'Horizons US 7 To 10 Yr T'),
(953, 'HTD', 'Horizons Betapro U.S 30'),
(954, 'HTO-UN', 'Global Water Solutions F'),
(955, 'HUF', 'Horizons Active US Float'),
(956, 'HUG', 'Horizons Comex Gold ETF'),
(957, 'HUL-U', 'US Buyback Leaders ETF USD'),
(958, 'HUV', 'Horizons BP Sp500 VIX ST'),
(959, 'HVI', 'Horizons BP Sp500 VIX ST'),
(960, 'HWD', 'Hardwoods Distribution I'),
(961, 'HWO', 'High Arctic Energy Servi'),
(962, 'HXE', 'Horizons SP TSX Capped E'),
(963, 'HXH', 'Horizons CDN High Dividend Index ETF'),
(964, 'HXQ-U', 'Horizons Nasdaq 100 Index ETF USD'),
(965, 'HXS-U', 'Horizons SP 500 Index Et'),
(966, 'HXT-U', 'Horizons SP TSX 60 Index'),
(967, 'HXX', 'Horizons Euro Stoxx 50 Index ETF'),
(968, 'HYD', 'Hyduke Energy Services I'),
(969, 'HYI', 'Horizons Active High Yie'),
(970, 'HZD', 'Horizons BP Comex Silver'),
(971, 'HZU', 'Horizons BP Comex Silver'),
(972, 'H', 'Hydro One Limited'),
(973, 'HAC', 'Horizons Seasonal Rotati'),
(974, 'HAD', 'Horizons Active CDN Bond'),
(975, 'HAJ', 'Horizons Active Emerging'),
(976, 'HAL', 'Horizons Active CDN Divi'),
(977, 'HARC', 'Horizons Abs Return Global Currency ETF'),
(978, 'HAU-A', 'Horizons Active US Dividend ETF AC'),
(979, 'HAZ', 'Horizons Active Global D'),
(980, 'HBB', 'Horizons CDN Select Univ'),
(981, 'HBD', 'Horizons Betapro Comex G'),
(982, 'HBF-U', 'Brand Leaders Plus Income ETF USD'),
(983, 'HBL-UN', 'Brand Leaders Income Fun'),
(984, 'HBM-WT', 'Hudbay Minerals Inc Wts'),
(985, 'HBU', 'Horizons Betapro Comex G'),
(986, 'HCN', 'Horizons China High Dividend Yield ETF'),
(987, 'HEA', 'Horizons Enhd Income US'),
(988, 'HEA-U', 'Horizons Enhd Income US'),
(989, 'HEE', 'Horizons Enhanced Income'),
(990, 'HEF', 'Horizons Enhanced Income'),
(991, 'HEJ-A', 'Horizons Enhd Inc Intl E'),
(992, 'HEP', 'Horizons Enhanced Income'),
(993, 'HER', 'Heron Resources Limited'),
(994, 'HEW', 'Horizons Sp/Tsx 60 Equal'),
(995, 'HEX-A', 'Horizons Enhd Income Equ'),
(996, 'HFP', 'Horizons Active Flt Rate'),
(997, 'HFR-A', 'Horizons Active Floating'),
(998, 'HGC', 'Horizons Global Currency Opp ETF'),
(999, 'HGI-UN', 'Global Adv Telecom Utili'),
(1000, 'HGM-A', 'Horizons Managed Global Opper E'),
(1001, 'HGU', 'Horizons BP SP TSX Globa'),
(1002, 'HGY-A', 'Horizons Gold Yield ETF'),
(1003, 'HHF-A', 'Horizons Morningstar Hdg'),
(1004, 'HHY-UN', 'High Rock CDN High Yield'),
(1005, 'HIG-UN', 'Global Healthcare Inc and Grwth Fd'),
(1006, 'HIU', 'Horizons Betapro SP 500'),
(1007, 'HLC', 'Holloway Lodging Corpora'),
(1008, 'HLC-DB-A', 'Holloway Lodging Corp 7.'),
(1009, 'HLP-DB-U', 'Mainstreet Health Inv Inc 5.00 Pct Debs'),
(1010, 'HMA', 'Horizons Managed Ma Mome'),
(1011, 'HMF', 'Horizons Auspice Managed'),
(1012, 'HMM-A', 'Hammond Manufacturing Co'),
(1013, 'HMP-A', 'Horizons Active CDN Muni'),
(1014, 'HNL', 'Horizon North Logistics'),
(1015, 'HNY', 'Horizons Natural Gas Yie'),
(1016, 'HOD', 'Horizon Beta Pro Nymex C'),
(1017, 'HOT-UN', 'American Hotel Income Pr'),
(1018, 'HPF', 'Energy Leaders Plus Income ETF'),
(1019, 'HPR', 'Horizons Active Preferre'),
(1020, 'HPS-A', 'Hammond Power Solutions'),
(1021, 'HQU', 'Horizons Betapro Nasdaq1'),
(1022, 'HR-DB-E', 'Hr REIT 4.50 Pct Ser E D'),
(1023, 'HR-UN', 'H&R Real Estate Inv Trus'),
(1024, 'HRR-UN', 'Australian REIT Income F'),
(1025, 'HRX', 'Heroux-Devtek'),
(1026, 'HSB-PR-D', 'HSBC Bank Canada Cl.1 Pr'),
(1027, 'HSE', 'Husky Energy Inc.'),
(1028, 'HSE-PR-B', 'Husky Energy Inc Pref Series 2'),
(1029, 'HSE-PR-E', 'Husky Energy Inc Pref Se'),
(1030, 'HSH', 'Horizons Sp500 CAD Hedged Index ETF'),
(1031, 'HSM', 'Helius Medical Technologies Inc'),
(1032, 'HSM-WT-S', 'Helius Medical Technologies Reg S Wts'),
(1033, 'HTA-UN', 'Tech Achievers Growth An'),
(1034, 'HTB-U', 'Horizons US 7 To 10 Yr T'),
(1035, 'HTH', 'Horizons US 7 10 Yr Treas Bd CAD Heg ETF'),
(1036, 'HUC', 'Horizons Nymex Crude Oil'),
(1037, 'HUF-U', 'Horizons Active US Float'),
(1038, 'HUL', 'US Buyback Leaders ETF'),
(1039, 'HUN', 'Horizons Nymex Natural G'),
(1040, 'HUZ', 'Horizons Comex Silver Et'),
(1041, 'HVU', 'Horizons BP Sp500 VIX ST'),
(1042, 'HWF-UN', 'Middlefield Healthcare Wellness Div'),
(1043, 'HXD', 'Horizons Betapro S&P/Tsx'),
(1044, 'HXF', 'Horizons SP TSX Capped F'),
(1045, 'HXQ', 'Horizons Nasdaq 100 Index ETF'),
(1046, 'HXS', 'Horizons SP 500 Index Et'),
(1047, 'HXT', 'Horizons SP Tsx60 Index'),
(1048, 'HXU', 'Horizons Betapro S&P/Tsx'),
(1049, 'HYB-UN', 'Ddj High Yield Fund'),
(1050, 'HYG', 'Hydrogenics Corporation'),
(1051, 'HYI-A', 'Horizons Active High Yie'),
(1052, 'HZM', 'Horizonte Minerals Plc'),
(1053, 'IAC-A', 'Infor Acquisition Corp C'),
(1054, 'IAE', 'Ithaca Energy Inc'),
(1055, 'IAG-PR-A', 'Industrial Alliance Ins'),
(1056, 'IAM', 'Integrated Asset Managem'),
(1057, 'IBG-DB-C', 'Ibi Group Inc 7.0 Pct De'),
(1058, 'ICE', 'Canlan ICE Sports Corp.'),
(1059, 'IDG', 'Indigo Books & Music Inc'),
(1060, 'IDX-UN', 'Indexplus Income Fund.'),
(1061, 'IFB-UN', 'Investment Grade Infrstr'),
(1062, 'IFC-PR-A', 'Intact Financial Corp Pr'),
(1063, 'IFC-PR-D', 'Intact Financial Corp Pref Shares Ser 4'),
(1064, 'IFP', 'Interfor Corporation'),
(1065, 'IGM', 'Igm Financial Inc.'),
(1066, 'IHL-UN', 'ING High Income Floating'),
(1067, 'IIP-UN', 'Interrent Real Estate In'),
(1068, 'IMG', 'Iamgold Corp'),
(1069, 'IMP', 'Intermap Tech Corp.'),
(1070, 'INC-UN', 'Income Fin Un'),
(1071, 'INE-DB-A', 'Innergex Renewable Energ'),
(1072, 'INE-PR-C', 'Innergex Renewable Energ'),
(1073, 'INQ', 'Inscape Corp. Sv'),
(1074, 'IPL', 'Inter Pipeline Ltd'),
(1075, 'IQD', 'Wisdomtree Intl Qlty Div Gwth Idx ETF'),
(1076, 'IRD', 'Intl Road Dynam'),
(1077, 'IRG-WT', 'Imvescor Restaurant Grou'),
(1078, 'ISL-UN', 'ING Floating Rate Senior'),
(1079, 'IT', 'The Intertain Group Limi'),
(1080, 'ITC', 'Intrinsyc Technologies C'),
(1081, 'ITP', 'Intertape Polymer'),
(1082, 'I', 'Intellipharmaceutics Int'),
(1083, 'IAC-WT', 'Infor Acquisition Corp W'),
(1084, 'IAG', 'Industrial Alliance Ins'),
(1085, 'IAG-PR-G', 'Industrial Alliance Pref'),
(1086, 'IBG', 'Ibi Group Inc.'),
(1087, 'IBG-DB-D', 'Ibi Group Inc 5.50 Pct Debs'),
(1088, 'ICP', 'Ic Potash Corp'),
(1089, 'IDR-UN', 'REIT Indexplus Income Fu'),
(1090, 'IFA', 'Ifabric Corp'),
(1091, 'IFC', 'Intact Financial Corpora'),
(1092, 'IFC-PR-C', 'Intact Financial Corp Pr'),
(1093, 'IFL-UN', 'ING Diversified Float Ra'),
(1094, 'IGG', 'Innova Gaming Group Inc'),
(1095, 'IGM-PR-B', 'Igm Financial Inc 5.90 P'),
(1096, 'III', 'Imperial Metals Corp'),
(1097, 'ILV', 'Powershares SP Intl Dev'),
(1098, 'IMO', 'Imperial Oil'),
(1099, 'IMV', 'Immunovaccine Inc'),
(1100, 'INE', 'Innergex Renewable Energ'),
(1101, 'INE-PR-A', 'Innergex Renewable Energ'),
(1102, 'INO-UN', 'Inovalis REIT'),
(1103, 'INV', 'Inv Metals Inc.'),
(1104, 'IPO', 'Inplay Oil Corp'),
(1105, 'IQD-B', 'Wisdomtree Intl Qlty Div Gwth Idx ETF Nh'),
(1106, 'IRG', 'Imvescor Restaurant Grou'),
(1107, 'ISL-U', 'ING Floating Rate Senior'),
(1108, 'ISV', 'Information Services Cor'),
(1109, 'IT-DB', 'The Intertain Group Limi'),
(1110, 'ITH', 'International Tower Hill'),
(1111, 'IVN', 'Ivanhoe Mines Ltd'),
(1112, 'JE', 'Just Energy Group Inc'),
(1113, 'JE-DB-B', 'Just Energy Group Inc 5.'),
(1114, 'JFS-UN', 'Jft Strategies Fund'),
(1115, 'JAG', 'Jaguar Mining Inc'),
(1116, 'JE-DB', 'Just Energy Group Inc. 6'),
(1117, 'JE-DB-C', 'Just Energy Group Inc 6.75 Pct Debs'),
(1118, 'JOY', 'Journey Energy Inc'),
(1119, 'KAT', 'Katanga Mining Limited'),
(1120, 'KDX', 'Klondex Mines Ltd.'),
(1121, 'KEL', 'Kelt Exploration Ltd'),
(1122, 'KER', 'Kerr Mines Inc'),
(1123, 'KEW-WT', 'Kew Media Group Inc Wts'),
(1124, 'KFS', 'Kingsway Fin'),
(1125, 'KL', 'Kirkland Lake Gold Ltd'),
(1126, 'KLG-DB-A', 'Kirkland Lake Gold Inc 7.50 Pct Debs'),
(1127, 'KMP-DB-B', 'Killam Properties Inc 5.'),
(1128, 'KOR', 'Corvus Gold Inc'),
(1129, 'KRN', 'Karnalyte Resources Inc'),
(1130, 'KXS', 'Kinaxis Inc'),
(1131, 'K', 'Kinross Gold Corp.'),
(1132, 'KBL', 'Kbro Linen Inc.'),
(1133, 'KEG-UN', 'Keg Royalties Income Fun'),
(1134, 'KEL-DB', 'Kelt Exploration Ltd 5.0 Pct Debs'),
(1135, 'KEW-A', 'Kew Media Group Inc Cls A'),
(1136, 'KEY', 'Keyera Corp'),
(1137, 'KFS-WT-V', 'Kingsway Fin Svcs Warran'),
(1138, 'KLG-DB', 'Kirkland Lake Gold Inc 6.00 Pct Debs'),
(1139, 'KLS', 'Kelso Technologies Inc'),
(1140, 'KMP-UN', 'Killam Apartment REIT'),
(1141, 'KPT', 'Kp Tissue Inc'),
(1142, 'KWH-UN', 'Crius Energy Trust'),
(1143, 'L-PR-B', 'Loblaw Companies Ltd 2Nd'),
(1144, 'LAC-WT', 'Lithium Americas Corp Wts'),
(1145, 'LAS-A', 'Lassonde Industries Inc.'),
(1146, 'LB-PR-F', 'Laurentian Bank of Cda P'),
(1147, 'LB-PR-J', 'Laurentian Bank of Cda Pr Ser 15'),
(1148, 'LBS-PR-A', 'Life & Banc Split Corp.'),
(1149, 'LCS-PR-A', 'Brompton Lifeco Split Co'),
(1150, 'LFE', 'Canadian Life Companies'),
(1151, 'LFX', 'Leadfx Inc'),
(1152, 'LGO', 'Largo Resources Ltd.'),
(1153, 'LGQ-DB-A', 'Logiq Asset Mgmt Inc 7.00 Pct Debs'),
(1154, 'LGT-B', 'Logistec Corporation Cl'),
(1155, 'LIQ', 'Liquor Stores Na Ltd.'),
(1156, 'LIQ-DB-B', 'Liquor Stores Na Ltd 4.70 Pct Debs'),
(1157, 'LN', 'Loncor Resources Inc'),
(1158, 'LNR', 'Linamar Corp'),
(1159, 'LRT-DB-G', 'Lanesborough REIT 9.5 PC'),
(1160, 'LUC', 'Lucara Diamond Corp'),
(1161, 'LUN', 'Lundin Mining Corp.'),
(1162, 'LVU-UN', 'Low Volatility US Equity'),
(1163, 'LYD-WT', 'Lydian International Limited Wts'),
(1164, 'L', 'Loblaw Co'),
(1165, 'LAC', 'Lithium Americas Corp'),
(1166, 'LAM', 'Laramide Resources Ltd.'),
(1167, 'LB', 'Laurentian Bank'),
(1168, 'LB-PR-H', 'Laurentian Bank of Cda P'),
(1169, 'LBS', 'Life & Banc Split Corp.'),
(1170, 'LCS', 'Brompton Lifeco Split Co'),
(1171, 'LEX', 'Lexam VG Gold Inc'),
(1172, 'LFE-PR-B', 'Canadian Life Split 2012'),
(1173, 'LGC', 'Luna Gold Corp'),
(1174, 'LGQ', 'Logiq Asset Management Inc.'),
(1175, 'LGT-A', 'Logistec Corporation Cl'),
(1176, 'LIF', 'Labrador Iron Ore Royalt'),
(1177, 'LIQ-DB-A', 'Liquor Stores N.A. Ltd 5'),
(1178, 'LMP', 'Lumenpulse Inc'),
(1179, 'LNF', 'Leons Furniture'),
(1180, 'LOW-UN', 'Low Volatility CDN Equit'),
(1181, 'LRT-UN', 'Lanesborough R.E. Invest'),
(1182, 'LUG', 'Lundin Gold Inc'),
(1183, 'LVN', 'Levon Resources Ltd'),
(1184, 'LYD', 'Lydian International Lim'),
(1185, 'MAL', 'Magellan Aero'),
(1186, 'MAW', 'Mawson Resources Ltd'),
(1187, 'MAY', 'Meadow Bay Gold Corp'),
(1188, 'MBB-UN', 'Aston Hill Adv Bond Fund'),
(1189, 'MBN', 'Mbn Corporation'),
(1190, 'MBX', 'Microbix J'),
(1191, 'MDA', 'Macdonald Dettwiler'),
(1192, 'MDI', 'Major Drilling Grp'),
(1193, 'ME', 'Moneta Porcupine J'),
(1194, 'MEQ', 'Mainstreet Eq J'),
(1195, 'MEU', 'Mackenzie Max Diversif Dev EUR Idx ETF'),
(1196, 'MFC-PR-B', 'Manulife Financial Corp'),
(1197, 'MFC-PR-F', 'Manulife Financial Corp'),
(1198, 'MFC-PR-H', 'Manulife Financial Corp'),
(1199, 'MFC-PR-J', 'Manulife Financial Corp'),
(1200, 'MFC-PR-L', 'Manulife Financial Corp'),
(1201, 'MFC-PR-N', 'Manulife Financial Corp'),
(1202, 'MFC-PR-P', 'Manulife Financial Corp Class 1 Sh Ser 4'),
(1203, 'MFI', 'Maple Leaf Foods'),
(1204, 'MFT', 'Mackenzie Floating Rate Income'),
(1205, 'MGA', 'Mega Uranium Ltd.'),
(1206, 'MIC', 'Genworth Mi Canada Inc.'),
(1207, 'MIF-UN', 'Marquest CDN Equity Inco'),
(1208, 'MKC', 'Mackenzie Max Dvrs Cda Index ETF'),
(1209, 'MKZ-UN', 'Mackenzie Mstr Un'),
(1210, 'MLF-UN', 'Moneda Latam Fixed Incom'),
(1211, 'MMM', 'Minco Gold Corporation'),
(1212, 'MND', 'Mandalay Resources Corpo'),
(1213, 'MNS-U', 'Royal CDN Mint CDN Svr R'),
(1214, 'MNT-U', 'Royal Canadian Mint CDN'),
(1215, 'MOGO', 'Mogo Finance Technology Inc'),
(1216, 'MPC', 'Madison Pac Cl B'),
(1217, 'MPV', 'Mountain Prov J'),
(1218, 'MQA-UN', 'Macquarie Emerging Mkts');
INSERT INTO `stockList` (`ID`, `symbol`, `companyName`) VALUES
(1219, 'MR-DB', 'Melcor REIT 5.50 Pct Deb'),
(1220, 'MRC', 'Morguard Corp.'),
(1221, 'MRE', 'Martinrea International'),
(1222, 'MRG-UN', 'Morguard Na Residential'),
(1223, 'MRT-DB-A', 'Morguard REIT 4.85 Pct D'),
(1224, 'MRU', 'Metro Inc'),
(1225, 'MSI-DB-A', 'Morneau Shepell Inc 4.75 Pct Debs'),
(1226, 'MST-UN', 'Milestone Apartments Rei'),
(1227, 'MTL', 'Mullen Group Ltd.'),
(1228, 'MUB', 'Mackenzie Unconstrained Bond ETF'),
(1229, 'MUX', 'Mcewen Mining Inc'),
(1230, 'MX', 'Methanex Corp'),
(1231, 'MXF-A', 'First Asset Can-Material'),
(1232, 'MXU', 'Mackenzie Max Divers Wrld Dev Ex Na Idx'),
(1233, 'MAG', 'MAG Silver Corp.'),
(1234, 'MAR', 'Marret Resource Corp'),
(1235, 'MAX', 'Midas Gold Inc'),
(1236, 'MBA', 'Cibt Education Group Inc'),
(1237, 'MBK-UN', 'Manulife US Regional Ban'),
(1238, 'MBT', 'Manitoba Telecom'),
(1239, 'MCB', 'Mccoy Global Inc'),
(1240, 'MDF', 'Mediagrif Interac'),
(1241, 'MDS-UN', 'Healthcare Special Opp F'),
(1242, 'MEG', 'Meg Energy Corp.'),
(1243, 'MERC-U', 'Mercer International Inc'),
(1244, 'MFC', 'Manulife Fin'),
(1245, 'MFC-PR-C', 'Manulife Financial Corp.'),
(1246, 'MFC-PR-G', 'Manulife Financial Non C'),
(1247, 'MFC-PR-I', 'Manulife Financial Corp'),
(1248, 'MFC-PR-K', 'Manulife Financial Corp'),
(1249, 'MFC-PR-M', 'Manulife Financial Corp'),
(1250, 'MFC-PR-O', 'Manulife Financial Corp Pref Series 21'),
(1251, 'MFC-PR-R', 'Manulife Financial Corp Pref Series 23'),
(1252, 'MFR-UN', 'Manulife Floating Rate S'),
(1253, 'MG', 'Magna International Inc'),
(1254, 'MGB', 'Mackenzie Core Pls Glob Fixed Inc ETF'),
(1255, 'MID-UN', 'Mint Income Fund'),
(1256, 'MKB', 'Mackenzie Core Pls CDN Fixed Income ETF'),
(1257, 'MKP', 'Mcan Mortgage Corporatio'),
(1258, 'MLD-UN', 'Moneda Latam Corp Bond F'),
(1259, 'MM', 'Mood Media Corporation'),
(1260, 'MMP-UN', 'Precious Metals and Mini'),
(1261, 'MNS', 'Royal CDN Mint CDN Silve'),
(1262, 'MNT', 'Royal Canadian Mint CDN'),
(1263, 'MNW', 'Mitel Networks Corporati'),
(1264, 'MOZ', 'Marathon Gold Corporatio'),
(1265, 'MPC-C', 'Madison Pacific Properti'),
(1266, 'MPVD', 'Mountain Province Diamonds Inc.'),
(1267, 'MQI-UN', 'Macquarie Global Infr In'),
(1268, 'MR-UN', 'Melcor REIT'),
(1269, 'MRD', 'Melcor Dev'),
(1270, 'MRG-DB', 'Morguard Na REIT 4.65 PC'),
(1271, 'MRT-DB', 'Morguard REIT 4.50 Pct Debs'),
(1272, 'MRT-UN', 'Morguard Un'),
(1273, 'MSI', 'Morneau Shepell Inc.'),
(1274, 'MSL', 'Merus Labs International'),
(1275, 'MSV', 'Minco Silver Corp.'),
(1276, 'MTY', 'Mty Food Group Inc'),
(1277, 'MUS', 'Mackenzie Max Dvrs US Index ETF'),
(1278, 'MWD', 'Mackenzie Max Diversif World Dev Idx ETF'),
(1279, 'MXF', 'First Asset Can-Material'),
(1280, 'MXG', 'Maxim Power Corp.'),
(1281, 'NA-PR-A', 'National Bank Pref Series 36'),
(1282, 'NA-PR-S', 'National Bank Pref Serie'),
(1283, 'NA-PR-X', 'National Bank Pref Series 34'),
(1284, 'NAL', 'Newalta Corporation'),
(1285, 'NBZ', 'Northern Blizzard Resour'),
(1286, 'NCD-UN', 'North American Adv Cover'),
(1287, 'NCU', 'Nevada Copper Corp.'),
(1288, 'NDM-WT', 'Northern Dynasty Minerals Ltd Wts'),
(1289, 'NDM-WT-B', 'Northern Dynasty Minerals Ltd Wts B'),
(1290, 'NEPT', 'Neptune Technologies & Bioressources'),
(1291, 'NEW-PR-D', 'Newgrowth Corp Class B P'),
(1292, 'NFI-DB-U', 'New Flyer Industries Inc'),
(1293, 'NGD', 'New Gold Inc.'),
(1294, 'NGI-UN', 'Ndx Growth and Income Fu'),
(1295, 'NHC', 'Nobilis Health Corp'),
(1296, 'NIF-UN', 'Noranda Income Fund'),
(1297, 'NKO', 'Niko Res'),
(1298, 'NLN', 'Neulion Inc.'),
(1299, 'NMX', 'Nemaska Lithium Inc'),
(1300, 'NOA', 'North American Energy Pa'),
(1301, 'NPF-UN', 'North American Preferred'),
(1302, 'NPI-DB-B', 'Northland Power Inc 5.00'),
(1303, 'NPI-PR-A', 'Northland Power Preferre'),
(1304, 'NPI-PR-C', 'Northland Power Inc Pref'),
(1305, 'NPS', 'Northern Power Systems C'),
(1306, 'NRF-UN', 'North American REIT Inco'),
(1307, 'NRI', 'Nuvo Research Inc'),
(1308, 'NUS', 'Nautilus Minerals Inc.'),
(1309, 'NVC', 'Neovasc Inc'),
(1310, 'NVU-DB', 'Northview Apartment REIT 5.75 Pct Debs'),
(1311, 'NWC', 'The North West Company I'),
(1312, 'NWH-DB-B', 'Northwest Healthcare Pro'),
(1313, 'NWH-DB-D', 'Northwest Healthcare Prop 5.50 Pct Debs'),
(1314, 'NWH-DB-F', 'Northwest Healthcare Prop 5.25 Pct Debs'),
(1315, 'NXC', 'Nexc Partners Corp'),
(1316, 'NXF', 'First Asset Energy Giant'),
(1317, 'NXJ', 'Nexj Systems Inc'),
(1318, 'NA', 'National Bank of Canada'),
(1319, 'NA-PR-Q', 'National Bank Pref Serie'),
(1320, 'NA-PR-W', 'National Bank Pref Serie'),
(1321, 'NAF-UN', 'North American Financial'),
(1322, 'NB', 'Niocorp Developments Ltd'),
(1323, 'NCC-A', 'Newfoundland Capital Cor'),
(1324, 'NCF', 'Northcliff Resources Ltd'),
(1325, 'NDM', 'Northern Dynasty Mineral'),
(1326, 'NDM-WT-A', 'Northern Dynasty Minerals Ltd Wts A'),
(1327, 'NDQ', 'Novadaq Technologies Inc'),
(1328, 'NEW-A', 'Newgrowth Cl A'),
(1329, 'NFI', 'New Flyer Industries Inc'),
(1330, 'NG', 'Novagold Res Inc.'),
(1331, 'NGD-WT-A', 'New Gold Inc. Warrants'),
(1332, 'NGQ', 'Ngex Resources Inc.'),
(1333, 'NHC-WT', 'Nobilis Health Corp Wts'),
(1334, 'NII', 'Norsat International Inc'),
(1335, 'NKO-NT', 'Niko Resources Ltd 7.00'),
(1336, 'NML', 'New Millennium Iron Corp'),
(1337, 'NMX-WT', 'Nemaska Lithium Inc Wts'),
(1338, 'NPC', 'Napec Inc'),
(1339, 'NPI', 'Northland Power Inc.'),
(1340, 'NPI-DB-C', 'Northland Power Inc 4.75'),
(1341, 'NPI-PR-B', 'Northland Power Inc Pref Series 2'),
(1342, 'NPK', 'Verde Potash Plc'),
(1343, 'NRE', 'Namibia Rare Earths Inc'),
(1344, 'NRGY-UN', 'Sprott Energy Opportunities Trust'),
(1345, 'NSU', 'Nevsun Res J'),
(1346, 'NVA', 'Nuvista Energy Ltd.'),
(1347, 'NVLN', 'Novelion Therapeutics Inc'),
(1348, 'NVU-UN', 'Northview Apartment REIT'),
(1349, 'NWH-DB', 'Northwest Healthcare Pro'),
(1350, 'NWH-DB-C', 'Northwest Healthcare Pro'),
(1351, 'NWH-DB-E', 'Northwest Healthcare Prop 5.25 Pct Debs'),
(1352, 'NWH-UN', 'Northwest Healthcare Pro'),
(1353, 'NXE', 'Nexgen Energy Ltd'),
(1354, 'NXF-B', 'First Asset Energy Giant'),
(1355, 'OGC', 'Oceanagold Corporation'),
(1356, 'OLY', 'Olympia Financial Group'),
(1357, 'ONC', 'Oncolytics Bio'),
(1358, 'ONR-DB-B', 'Onereit 5.45 Pct Debs'),
(1359, 'ONR-UN', 'Onereit'),
(1360, 'OR-WT', 'Osisko Gold Royalties Lt'),
(1361, 'ORA', 'Aura Minerals  Inc.'),
(1362, 'ORT', 'Orbite Aluminae Inc'),
(1363, 'OSB', 'Norbord Inc.'),
(1364, 'OSK', 'Osisko Mining Inc.'),
(1365, 'OSL-UN', 'Ocp Senior Credit Fund'),
(1366, 'OSP-PR-A', 'Brompton Oil Split Corp'),
(1367, 'OTC', 'Open Text Corp'),
(1368, 'OXF', 'First Asset Can-Energy C'),
(1369, 'OCS-UN', 'Ocp Credit Strategy Fund'),
(1370, 'OGD', 'Orbit Garant Drilling In'),
(1371, 'OMI', 'Orosur Mining Inc'),
(1372, 'ONEX', 'Onex Corporation Sv'),
(1373, 'ONR-DB-C', 'Onereit 5.50 Pct Debs'),
(1374, 'OR', 'Osisko Gold Royalties Lt'),
(1375, 'OR-WT-A', 'Osisko Gold Royalties Ltd Wts A'),
(1376, 'ORL', 'Orocobre Limited'),
(1377, 'ORV', 'Orvana Minerals J'),
(1378, 'OSF-UN', 'Oil Sands Sector Fund'),
(1379, 'OSK-WT', 'Osisko Mining Inc Wts'),
(1380, 'OSP', 'Brompton Oil Split Corp'),
(1381, 'OSU', 'Orsu Metals Corporation'),
(1382, 'OXC', 'Oryx Petroleum Corporati'),
(1383, 'P-DB-V', 'Primero Mining Corp. 5.7'),
(1384, 'PAA', 'Pan American J'),
(1385, 'PAR-DB-B', 'Partners REIT 5.5 Pct De'),
(1386, 'PATH', 'Counterpath Corporation'),
(1387, 'PBD', 'Purpose Total Return Bon'),
(1388, 'PBH-DB-D', 'Premium Brands Holdings'),
(1389, 'PBH-DB-F', 'Premium Brands Hld Corp 4.60 Pct Debs'),
(1390, 'PBI-B', 'Purpose Best Ideas Fund'),
(1391, 'PBU-UN', 'Precious Metals Bullion'),
(1392, 'PCD-UN', 'Pathfinder Income Fund'),
(1393, 'PCF-UN', 'Energy Credit Opp Income'),
(1394, 'PD', 'Precision Drilling Corpo'),
(1395, 'PDF', 'Purpose Core Dividend Fu'),
(1396, 'PDN', 'Paladin Energy Ltd.'),
(1397, 'PDV-PR-A', 'Prime Dividend Corp Pref'),
(1398, 'PEN', 'Pennant Energy Inc'),
(1399, 'PEU', 'Purpose Enhanced US Equi'),
(1400, 'PEY', 'Peyto Exploration and Dv'),
(1401, 'PFD-UN', 'Limited Duration Inv Gr'),
(1402, 'PFH-F', 'Powershares HY Corp Bond Index ETF'),
(1403, 'PFT-UN', 'Canadian Preferred Share'),
(1404, 'PG', 'Premier Gold Mines Ltd.'),
(1405, 'PGF', 'Pengrowth Energy Corpora'),
(1406, 'PGI-UN', 'Pimco Global Inc Opportu'),
(1407, 'PGLC', 'Pershing Gold Corporation'),
(1408, 'PHE-B', 'Purpose Tactical Hedged'),
(1409, 'PHS-U', 'Sprott Physical Silver T'),
(1410, 'PHX', 'Phx Energy Services Corp'),
(1411, 'PIC-A', 'Premium Income A'),
(1412, 'PID', 'Purpose Intl Dividend Fu'),
(1413, 'PIH', 'Pacific Insight Electron'),
(1414, 'PJC-A', 'Jean Coutu Group (Pjc) I'),
(1415, 'PKI-R', 'Parkland Fuel Corporation Sub Receipts'),
(1416, 'PLG', 'Pilot Gold Inc'),
(1417, 'PLI', 'Prometic Life Sciences I'),
(1418, 'PLV', 'Powershares Low Vol Port'),
(1419, 'PLZ-DB-D', 'Plaza Retail REIT 5.75 P'),
(1420, 'PMB-UN', 'Picton Mahoney Tactical'),
(1421, 'PMM', 'Purpose Multi Strategy M'),
(1422, 'PMT', 'Perpetual Energy Inc.'),
(1423, 'PNC-B', 'Postmedia Network Canada'),
(1424, 'PNP', 'Pinetree Capital Ltd'),
(1425, 'POM', 'Polymet Mining Corp.'),
(1426, 'POU', 'Paramount Resources Ltd.'),
(1427, 'POW-PR-A', 'Power Corp A Pr'),
(1428, 'POW-PR-C', 'Power Corp of Canada 5.8'),
(1429, 'POW-PR-F', 'Power Corp 1St Pr'),
(1430, 'PPL', 'Pembina Pipeline Corpora'),
(1431, 'PPL-PR-A', 'Pembina Pipeline Corp Pr'),
(1432, 'PPL-PR-E', 'Pembina Pipeline Corp Pr'),
(1433, 'PPL-PR-I', 'Pembina Pipeline Corp Pr'),
(1434, 'PPL-PR-M', 'Pembina Pipeline Corp Pref Ser 13'),
(1435, 'PPS', 'Powershares CDN Pref Sha'),
(1436, 'PPY', 'Painted Pony Petroleum L'),
(1437, 'PRA', 'Purpose Diversified Real'),
(1438, 'PRK', 'Potash Ridge Corporation'),
(1439, 'PRQ', 'Petrus Resources Ltd'),
(1440, 'PRW', 'Petrowest Corporation'),
(1441, 'PSB', 'Pwrshrs 1 To 5 Yr  Ladde'),
(1442, 'PSI', 'Pason Systems Inc.'),
(1443, 'PSU-U', 'Purpose US Cash ETF'),
(1444, 'PSY-U', 'Pwrshr Glb Sharehldr Yield USD'),
(1445, 'PTG', 'Pivot Technology Solutio'),
(1446, 'PTS', 'Points International Ltd'),
(1447, 'PUD', 'Purpose US Dividend Fund'),
(1448, 'PUR', 'Pure Technologies Ltd'),
(1449, 'PVS-PR-B', 'Partners Value Split Cor'),
(1450, 'PVS-PR-D', 'Partners Value Split Cor'),
(1451, 'PWC', 'Pwc Capital Inc'),
(1452, 'PWC-PR-A', 'Pwc Capital Inc Pref Cla'),
(1453, 'PWF', 'Power Financial Corp.'),
(1454, 'PWF-PR-E', 'Power Fin Ser D Pr'),
(1455, 'PWF-PR-G', 'Power Financial Corp 5.9'),
(1456, 'PWF-PR-I', 'Power Financial Corp 6%'),
(1457, 'PWF-PR-L', 'Power Financial Corp Ser'),
(1458, 'PWF-PR-P', 'Pwr Fnl Corp 4.40 Non Cu'),
(1459, 'PWF-PR-R', 'Power Financial Corp 5.5'),
(1460, 'PWF-PR-T', 'Power Financial Corp 4.2'),
(1461, 'PXC', 'Powershr FTSE Rafi CAD I'),
(1462, 'PXG', 'Pwrshr FTSE Rafi Global'),
(1463, 'PXS', 'Pwrshr FTSE Rafi US Fdam'),
(1464, 'PXU', 'Powershr FTSE Rafi US Id'),
(1465, 'PXX', 'Blackpearl Resources Inc'),
(1466, 'PZA', 'Pizza Pizza Royalty Corp'),
(1467, 'PZW', 'Pwrshr FTSE Rafi Glb Sml'),
(1468, 'P', 'Primero Mining Corp'),
(1469, 'P-WT-C', 'Primero Mining Corp Wts'),
(1470, 'PAR-DB-A', 'Partners REIT 6 Pct Debs'),
(1471, 'PAR-UN', 'Partners REIT Units'),
(1472, 'PAY', 'Posera Hdx Ltd'),
(1473, 'PBH', 'Premium Brands Holdings'),
(1474, 'PBH-DB-E', 'Premium Brands Hld Corp 4.65 Pct Debs'),
(1475, 'PBI', 'Purpose Best Ideas Fund'),
(1476, 'PBL', 'Pollard Banknote Limited'),
(1477, 'PBY-UN', 'Canso Credit Income Fund'),
(1478, 'PCF-U', 'Energy Credit Opp Income'),
(1479, 'PCY', 'Prophecy Development Cor'),
(1480, 'PDC', 'Powershares CDN Div Idx'),
(1481, 'PDL', 'N A Palladium'),
(1482, 'PDV', 'Prime Dividend Corp. Cl'),
(1483, 'PEG', 'Pattern Energy Group Inc'),
(1484, 'PER', 'Perk.Com Inc'),
(1485, 'PEU-B', 'Purpose Enhanced US Equi'),
(1486, 'PFB', 'Pfb Corp'),
(1487, 'PFH', 'Powershares HY Corp Bond'),
(1488, 'PFL', 'Powershares 1 To 3 Yr La'),
(1489, 'PFU-UN', 'Investment Grade Managed'),
(1490, 'PGD', 'Peregrine Diamonds Ltd.'),
(1491, 'PGF-DB-B', 'Pengrowth Energy Corp 6.'),
(1492, 'PGL', 'Powershares Ultra Liquid'),
(1493, 'PHE', 'Purpose Tactical Hedged'),
(1494, 'PHR', 'Purpose Duration Hedged'),
(1495, 'PHW', 'Purpose Intl Tactical He'),
(1496, 'PHY-U', 'Sprott Physical Gold Tru'),
(1497, 'PIC-PR-A', 'Premium Income Pr'),
(1498, 'PIF', 'Polaris Infrastructure I'),
(1499, 'PIN', 'Purpose Monthly Income F'),
(1500, 'PKI', 'Parkland Fuel Corporatio'),
(1501, 'PLC', 'Park Lawn Corporation'),
(1502, 'PLG-WT', 'Pilot Gold Inc Wts'),
(1503, 'PLS', 'Polaris Materials Corpor'),
(1504, 'PLZ-DB-C', 'Plaza Retail REIT 7.00 P'),
(1505, 'PLZ-UN', 'Plaza Retail REIT'),
(1506, 'PME', 'Sentry Select Primary Me'),
(1507, 'PMN', 'Promis Neurosciences Inc'),
(1508, 'PNC-A', 'Postmedia Network Canada'),
(1509, 'PNE', 'Pine Cliff Energy Ltd'),
(1510, 'PNT', 'CPI Card Group Inc'),
(1511, 'POT', 'Potash Corp of Sask Inc'),
(1512, 'POW', 'Power Corporation of Can'),
(1513, 'POW-PR-B', 'Power Corp. Preferred Sh'),
(1514, 'POW-PR-D', 'Power Corp  Non-Cum 1St'),
(1515, 'POW-PR-G', 'Power Corp of Canada 5.6'),
(1516, 'PPL-DB-F', 'Pembina Pipeline Corp. 5'),
(1517, 'PPL-PR-C', 'Pembina Pipeline Corp Pr'),
(1518, 'PPL-PR-G', 'Pembina Pipeline Corp Pr'),
(1519, 'PPL-PR-K', 'Pembina Pipeline Corp Pref Series 11'),
(1520, 'PPR', 'Prairie Provident Resources Inc'),
(1521, 'PPT-U', 'Sprott Physical Platinum'),
(1522, 'PR', 'Lysander Slater Pref Sha'),
(1523, 'PRF-UN', 'Pinebridge Inv Grade Pre'),
(1524, 'PRP', 'Purpose Conservative Income Fund ETF'),
(1525, 'PRU', 'Perseus Mining Limited'),
(1526, 'PSA', 'Purpose High Interest Sa'),
(1527, 'PSD', 'Pulse Seismic Inc.'),
(1528, 'PSK', 'Prairiesky Royalty Ltd'),
(1529, 'PSY', 'Pwrshr Glb Sharehldr Yie'),
(1530, 'PTB', 'Powershares Tactical Bon'),
(1531, 'PTM', 'Platinum Group Metals Lt'),
(1532, 'PUB-UN', 'US Banks Income and Growth Fund'),
(1533, 'PUD-B', 'Purpose US Dividend Fund'),
(1534, 'PVG', 'Pretium Resources Inc.'),
(1535, 'PVS-PR-C', 'Partners Value Split Cor'),
(1536, 'PVS-PR-E', 'Partners Value Split Corp Pref Ser 7'),
(1537, 'PWC-NT-C', 'Pwc Capital Inc 9 Pct Se'),
(1538, 'PWC-PR-B', 'Pwc Capital Inc Pref Cla'),
(1539, 'PWF-PR-A', 'Power Fin Ser A Pr'),
(1540, 'PWF-PR-F', 'Power Financial Corp. Pr'),
(1541, 'PWF-PR-H', 'Power Financial Corp 5.7'),
(1542, 'PWF-PR-K', 'Power Fin Corp 4.95% Ser'),
(1543, 'PWF-PR-O', 'Power Financial Corp 5.8'),
(1544, 'PWF-PR-Q', 'Power Fin Corp 4.40 Pct Pref Ser Q'),
(1545, 'PWF-PR-S', 'Power Financial Corp Pre'),
(1546, 'PWT', 'Penn West Petroleum Ltd.'),
(1547, 'PXF', 'First Asset Provincial B'),
(1548, 'PXG-U', 'Pwrshr FTSE Rafi Global Plus Fdamntl USD'),
(1549, 'PXT', 'Parex Resources Inc'),
(1550, 'PXU-F', 'Powershares FTSE Rafi US Fund Idx ETF'),
(1551, 'PYF', 'Purpose Premium Yield Fund ETF'),
(1552, 'PZC', 'Pwrshr FTSE Rafi CDN Sml'),
(1553, 'PZW-U', 'Pwrshr FTSE Rafi Glb Sml Mid Fdamntl USD'),
(1554, 'QBR-B', 'Quebecor Inc. Cl.B Sv'),
(1555, 'QEC', 'Questerre Energy Corp'),
(1556, 'QMG', 'Questrade Rus US Mc Grwt'),
(1557, 'QQC', 'Powershares QQQ CAD Hdg'),
(1558, 'QRH', 'Questrade Rus 1000 Eq US'),
(1559, 'QRM', 'Quest Rare Minerals Ltd'),
(1560, 'QRT', 'Questrade Rus 1000 EW US'),
(1561, 'QSR', 'Restaurant Brands Intern'),
(1562, 'QXM-A', 'F A Morningstar Nb Quebe'),
(1563, 'QBR-A', 'Quebecor Inc. Cl.A Mv'),
(1564, 'QCP', 'Questrade Fixed Inc Core Plus ETF'),
(1565, 'QGE', 'Questrade Global Total Equity ETF'),
(1566, 'QMV', 'Questrade Rus US Mc Val'),
(1567, 'QQC-F', 'Powershares QQQ Index ETF'),
(1568, 'QRI', 'Questrade Rus 1000 EW US'),
(1569, 'QRM-WT', 'Quest Rare Minerals Ltd'),
(1570, 'QSP-UN', 'Restaurant Brands Intl L'),
(1571, 'QXM', 'F A Morningstar Nb Quebe'),
(1572, 'RAI-UN', 'Real Asset Income and Gr'),
(1573, 'RAY-A', 'Stingray Digital Group I'),
(1574, 'RBA', 'Ritchie Bros Auctioneers'),
(1575, 'RBO', 'RBC 1 To 5 Yr Laddered C'),
(1576, 'RBS-PR-B', 'R Split III Corp Pref Cl'),
(1577, 'RCD', 'RBC Quant CDN Dividend L'),
(1578, 'RCH', 'Richelieu Hardware'),
(1579, 'RCI-B', 'Rogers Communications In'),
(1580, 'RDI', 'Rockwell Diamonds Inc'),
(1581, 'RDL', 'Redline Communications G'),
(1582, 'REI-PR-C', 'Riocan REIT Pref Series'),
(1583, 'RET', 'Reitmans Canada'),
(1584, 'RFP', 'Resolute Forest Products'),
(1585, 'RHF', 'RBC Quant EAFE Equity Ldrs [Ca'),
(1586, 'RHP', 'RBC Quant European Div L'),
(1587, 'RHU', 'RBC Quant US Div Leaders'),
(1588, 'RIC', 'Richmont Mines'),
(1589, 'RID-U', 'RBC Quant EAFE Div Leade'),
(1590, 'RIE-U', 'RBC Quant EAFE Equity Leaders ETF USD'),
(1591, 'RIG-U', 'RBC Quant Global Infras Leaders ETF USD'),
(1592, 'RIT', 'First Asset Canadian REIT ETF'),
(1593, 'RKN', 'Redknee Solutions Inc.'),
(1594, 'RME', 'Rocky Mountain Dealershi'),
(1595, 'RMX', 'Rubicon Minerals Corp.'),
(1596, 'RNW', 'Transalta Renewables Inc'),
(1597, 'RPD', 'RBC Quant European Div L'),
(1598, 'RPF', 'RBC Canadian Preferred Share ETF'),
(1599, 'RQE', 'RBC Target 2017 Corp Bon'),
(1600, 'RQG', 'RBC Target 2019 Corp Bon'),
(1601, 'RQI', 'RBC Target 2021 Corp Bon'),
(1602, 'RQK', 'RBC Target 2023 Corp Bond Idx ETF'),
(1603, 'RSI', 'Rogers Sugar Inc'),
(1604, 'RSI-DB-D', 'Rogers Sugar 5.75 Pct Co'),
(1605, 'RTU-UN', 'CDN Resources Un'),
(1606, 'RUD-U', 'RBC Quant US Div Leaders'),
(1607, 'RUS', 'Russel Metals'),
(1608, 'RWC', 'First Asset MSCI Canada'),
(1609, 'RWE', 'First Asset MSCI Europe'),
(1610, 'RWE-B', 'First Asset MSCI Europe'),
(1611, 'RWU', 'First Asset MSCI USA Lr'),
(1612, 'RWU-D', 'First Asset MSCI USA Lr Wgtd Unhg AC ETF'),
(1613, 'RWW-A', 'First Asset MSCI Wld Low'),
(1614, 'RXD', 'RBC Quant Emerging Mkts'),
(1615, 'RXE', 'RBC Quant Emerg Mkts Equity Leaders ETF'),
(1616, 'RY-PR-A', 'Royal Bank of Canada Pr'),
(1617, 'RY-PR-C', 'Royal Bank of Can. First'),
(1618, 'RY-PR-E', 'RBC Non-Cum First Pr Shs'),
(1619, 'RY-PR-G', 'RBC Non-Cum First Pr Ser'),
(1620, 'RY-PR-I', 'Royal Bank  Pref Series'),
(1621, 'RY-PR-K', 'Royal Bank Pref Series A'),
(1622, 'RY-PR-M', 'Royal Bank Pref Series B'),
(1623, 'RY-PR-O', 'RBC Pref Shares Series B'),
(1624, 'RY-PR-Q', 'RBC Pref Shares Series Bk'),
(1625, 'RY-PR-W', 'RBC 4.90% Ser. W'),
(1626, 'R', 'Red Eagle Mining Corp'),
(1627, 'RAV-UN', 'Ravensource Fund'),
(1628, 'RAY-B', 'Stingray Digital Group I'),
(1629, 'RBN-UN', 'Blue Ribbon Income Fund'),
(1630, 'RBS', 'R Split III Corp. Capita'),
(1631, 'RC', 'Rdm Corp'),
(1632, 'RCE', 'RBC Quant Canadian Equit'),
(1633, 'RCI-A', 'Rogers Communications In'),
(1634, 'RCO-UN', 'Middlefield Can Global R'),
(1635, 'RDK', 'Redhawk Resources Inc'),
(1636, 'REF-UN', 'CDN Real Estate Un'),
(1637, 'REI-UN', 'Riocan Real Est Un'),
(1638, 'RET-A', 'Reitmans (Canada) Ltd.'),
(1639, 'RGX', 'Argex Titanium Inc'),
(1640, 'RHI', 'RBC Quant EAFE Div Leade'),
(1641, 'RHS', 'RBC Quant US Equity Lead'),
(1642, 'RIB-UN', 'Ridgewood CAD Invest Gra'),
(1643, 'RID', 'RBC Quant EAFE Div Leade'),
(1644, 'RIE', 'RBC Quant EAFE Equity Le'),
(1645, 'RIG', 'RBC Quant Global Infras Leaders ETF'),
(1646, 'RIGP-UN', 'Canadian Investment Grade Pref Fund'),
(1647, 'RIT-A', 'Fa Canadian REIT ETF Adv Cls'),
(1648, 'RLB', 'RBC 1-5 Year Laddered Canadian'),
(1649, 'RMP', 'Rmp Energy Inc'),
(1650, 'RN', 'Rio Novo Gold Inc'),
(1651, 'RNX', 'Royal Nickel Corporation'),
(1652, 'RPD-U', 'RBC Quant European Div L'),
(1653, 'RPI-UN', 'Richards Packaging Incom'),
(1654, 'RQF', 'RBC Target 2018 Corp Bon'),
(1655, 'RQH', 'RBC Target 2020 Corp Bon'),
(1656, 'RQJ', 'RBC Target 2022 Corp Bond Idx ETF'),
(1657, 'RRX', 'Raging River Exploration'),
(1658, 'RSI-DB-C', 'Rogers Sugar Inc. 5.70 D'),
(1659, 'RTG', 'Rtg Mining Inc'),
(1660, 'RUD', 'RBC Quant US Div Leaders'),
(1661, 'RUE', 'RBC Quant US Equity Lead'),
(1662, 'RVX', 'Resverlogix Corp.'),
(1663, 'RWC-A', 'First Asset MSCI Cda Low'),
(1664, 'RWE-A', 'First Asset MSCI Europe'),
(1665, 'RWE-D', 'First Asset MSCI Europe'),
(1666, 'RWU-B', 'First Asset MSCI USA Lr'),
(1667, 'RWW', 'First Asset MSCI World L'),
(1668, 'RWW-B', 'First Asset MSCI Wld Lr'),
(1669, 'RXD-U', 'RBC Quant Emerging Mkts'),
(1670, 'RY', 'Royal Bank of Canada'),
(1671, 'RY-PR-B', 'RBC Non-Cum First Prefer'),
(1672, 'RY-PR-D', 'RBC First Pref Shares Se'),
(1673, 'RY-PR-F', 'RBC Non-Cum First Pref S'),
(1674, 'RY-PR-H', 'Royal Bank of Canada Prf'),
(1675, 'RY-PR-J', 'Royal Bank Pref Series B'),
(1676, 'RY-PR-L', 'RBC Non Com 5-Year Srs A'),
(1677, 'RY-PR-N', 'Royal Bank Pref Series B'),
(1678, 'RY-PR-P', 'RBC Pref Shares Series Bj'),
(1679, 'RY-PR-R', 'RBC Pref Shares Series Bm'),
(1680, 'RY-PR-Z', 'RBC First Pref Sh Series'),
(1681, 'SAM', 'Starcore International M'),
(1682, 'SAU', 'ST Augustine Gold and Co'),
(1683, 'SBC', 'Brompton Split Banc Corp'),
(1684, 'SBI', 'Serabi Gold Plc'),
(1685, 'SBN-PR-A', 'S Split Corp. Pref A'),
(1686, 'SBT-B', 'Silver Bullion Trust CAD ETF Non Cur'),
(1687, 'SCC', 'Sears Canada Inc'),
(1688, 'SCP', 'Sprott Resource  Corp'),
(1689, 'SCW-UN', 'Canso Select Opportuniti'),
(1690, 'SDY', 'Strad Energy Services Lt'),
(1691, 'SEC', 'Senvest Capital'),
(1692, 'SES', 'Secure Energy Services I'),
(1693, 'SFD', 'Nxt Energy Solutions Inc'),
(1694, 'SGQ', 'Southgobi Resources Ltd'),
(1695, 'SHA', 'Sphere FTSE Asia Sustainable Yld ETF'),
(1696, 'SHE', 'Sphere FTSE Euro Sustainable Yld ETF'),
(1697, 'SHU', 'Sphere FTSE US Sustainable Yld ETF'),
(1698, 'SIA', 'Sienna Senior Living Inc'),
(1699, 'SIF-UN', 'Strategic Income Allocat'),
(1700, 'SIN-UN', 'Sciti Trust'),
(1701, 'SJ', 'Stella Jones Inc'),
(1702, 'SJR-PR-A', 'Shaw Communications Inc'),
(1703, 'SKG-UN', 'Skylon Growth & Income F'),
(1704, 'SLF-PR-A', 'Sun Life Financial Inc P'),
(1705, 'SLF-PR-C', 'Sunlife Financial Inc. C'),
(1706, 'SLF-PR-E', 'Sun Life Financial Inc.'),
(1707, 'SLF-PR-H', 'Sun Life Financial Inc P'),
(1708, 'SLF-PR-J', 'Sun Life Financial Inc P'),
(1709, 'SLR', 'Solitario Exploration &'),
(1710, 'SMC', 'Sulliden Mining Capital'),
(1711, 'SMT', 'Sierra Metals Inc'),
(1712, 'SNC', 'Snc-Lavalin Sv'),
(1713, 'SOX', 'Stuart Olson Inc'),
(1714, 'SOY', 'Sunopta Inc.'),
(1715, 'SPB-DB-H', 'Superior Plus Corp 6.0 P'),
(1716, 'SQP', 'Strongco Corporation'),
(1717, 'SRT-UN', 'Slate Retail REIT'),
(1718, 'SRV-UN', 'Sir Royalty Income Fund'),
(1719, 'SSL', 'Sandstorm Gold Ltd'),
(1720, 'SSL-WT-B', 'Sandstorm Gold Ltd Warra'),
(1721, 'ST', 'Stonegate Agricom Ltd'),
(1722, 'STB-DB-A', 'Student Transportation Inc 5.25 Pct Debs'),
(1723, 'STN', 'Stantec Inc'),
(1724, 'SUM', 'Solium Capital Inc.'),
(1725, 'SVC', 'Sandvine Corporation'),
(1726, 'SVR', 'Ishares Silver Bullion E'),
(1727, 'SVY', 'Savanna Energy Services'),
(1728, 'SWH', 'Sunwah International Lim'),
(1729, 'SWY-DB-U', 'Stornoway Diamond Corp 6'),
(1730, 'SXP', 'Supremex Inc.'),
(1731, 'S', 'Sherritt Intl Rv'),
(1732, 'SAP', 'Saputo Inc.'),
(1733, 'SBB', 'Sabina Gold and Silver C'),
(1734, 'SBC-PR-A', 'Brompton Split Banc Corp'),
(1735, 'SBN', 'S Split Corp. Cl.A'),
(1736, 'SBR', 'Silver Bear Resources In'),
(1737, 'SCB', 'Street Capital Group Inc'),
(1738, 'SCL', 'Shawcor Ltd'),
(1739, 'SCU', 'The Second Cup Ltd.'),
(1740, 'SCY', 'Scandium International M'),
(1741, 'SEA', 'Seabridge Gold Inc.'),
(1742, 'SEN', 'Serinus Energy Inc'),
(1743, 'SEV', 'Spectra7 Microsystems In'),
(1744, 'SGF', 'Shore Gold Inc.'),
(1745, 'SGY', 'Surge Energy Inc'),
(1746, 'SHC', 'Sphere FTSE Cda Sustainable Yld ETF'),
(1747, 'SHOP', 'Shopify Inc'),
(1748, 'SHZ', 'Sphere FTSE Emerg Mkts Yld Idx ETF'),
(1749, 'SIA-DB', 'Sienna Senior Living Inc'),
(1750, 'SII', 'Sprott Inc.'),
(1751, 'SIS', 'Savaria Corp.'),
(1752, 'SJR-B', 'Shaw Communications Inc.'),
(1753, 'SJR-PR-B', 'Shaw Communications Series B'),
(1754, 'SLF', 'Sun Life Financial Inc.'),
(1755, 'SLF-PR-B', 'Sun Life Financial Inc.'),
(1756, 'SLF-PR-D', 'Sun Life Financial Inc.'),
(1757, 'SLF-PR-G', 'Sun Life Financial Inc.'),
(1758, 'SLF-PR-I', 'Sun Life Financial Inc P'),
(1759, 'SLF-PR-K', 'Sun Life Financial Inc Pref Ser 11Qr'),
(1760, 'SLW', 'Silver Wheaton Corp.'),
(1761, 'SMF', 'SEMAFO J'),
(1762, 'SMU-UN', 'Summit Industrial Income'),
(1763, 'SOT-UN', 'Slate Office REIT'),
(1764, 'SOX-DB-A', 'Stuart Olson Inc 6 Pct D'),
(1765, 'SPB', 'Superior Plus Corp.'),
(1766, 'SPE', 'Spartan Energy Corp'),
(1767, 'SRT-U', 'Slate Retail REIT USD'),
(1768, 'SRU-UN', 'Smart Real Estate Investment Trust'),
(1769, 'SSF-UN', 'Symphony Floating Rate S'),
(1770, 'SSL-WT', 'Sandstorm Gold Ltd Wts'),
(1771, 'SSO', 'Silver Standard Res Inc.'),
(1772, 'STB', 'Student Transportation I'),
(1773, 'STB-DB-C', 'Student Transportation I'),
(1774, 'SU', 'Suncor Energy Inc.'),
(1775, 'SVB', 'Silver Bull Resources In'),
(1776, 'SVM', 'Silvercorp Metals Inc.'),
(1777, 'SVR-C', 'Ishares Silver Bullion E'),
(1778, 'SW', 'Sierra Wireless'),
(1779, 'SWY', 'Stornoway Diamond Corp.'),
(1780, 'SXI', 'Synex Intl J'),
(1781, 'TA', 'Transalta Corporation'),
(1782, 'TA-PR-E', 'Transalta Corp Pref Series B'),
(1783, 'TA-PR-H', 'Transalta Corp Pref Sh S'),
(1784, 'TAO', 'Tag Oil Ltd'),
(1785, 'TBL-NT', 'Taiga Building Products'),
(1786, 'TCL-A', 'Transcontinental Inc. C'),
(1787, 'TCN', 'Tricon Capital Group Inc'),
(1788, 'TCS', 'Tecsys Inc J'),
(1789, 'TCW', 'Trican Well'),
(1790, 'TD-PF-A', 'TD Bank Pref Series 1'),
(1791, 'TD-PF-C', 'TD Bank Pref Series 5'),
(1792, 'TD-PF-E', 'TD Bank Pref Series 9'),
(1793, 'TD-PF-G', 'TD Bank Pref Series 12'),
(1794, 'TD-PR-S', 'TD Bank Ser S Pr'),
(1795, 'TD-PR-Y', 'TD Bank Ser Y Pr'),
(1796, 'TDB', 'TD CDN Aggregate Bond Index ETF'),
(1797, 'TECK-A', 'Teck Resources Ltd Cl A'),
(1798, 'TEI', 'Toscana Energy Income Co'),
(1799, 'TEL', 'Tellza Communications In'),
(1800, 'TF', 'Timbercreek Financial Corp'),
(1801, 'TF-DB-A', 'Timbercreek Financial Corp 5.40 Pct Debs'),
(1802, 'TFII', 'Tfi International Inc'),
(1803, 'TGL', 'Transglobe Energy Corp'),
(1804, 'TGO', 'Terago Inc.'),
(1805, 'TH', 'Theratechnologies'),
(1806, 'The', 'TD Intl Equity CAD Hedge Index ETF'),
(1807, 'THU', 'TD SP 500 CAD Hedge Index ETF'),
(1808, 'TKO', 'Taseko Mines Ltd.'),
(1809, 'TLF-UN', 'Tech Leaders Income Fund'),
(1810, 'TLV', 'Powershares SP TSX Low V'),
(1811, 'TMD', 'Titan Medical Inc'),
(1812, 'TMD-WT-D', 'Titan Medical Inc Wts Cl'),
(1813, 'TMD-WT-H', 'Titan Medical Inc Wts Cl H'),
(1814, 'TMI', 'Trimetals Mining Inc'),
(1815, 'TML', 'Treasury Metals Inc.'),
(1816, 'TMM-WT', 'Timmins Gold Corp Wts'),
(1817, 'TMR', 'Tmac Resources Inc'),
(1818, 'TNT-UN', 'True North Commercial Re'),
(1819, 'TOF-UN', 'Taylor North American Eq'),
(1820, 'TOS', 'Tso3 Inc'),
(1821, 'TOU', 'Tourmaline Oil Corp'),
(1822, 'TPE', 'TD International Equity Index ETF'),
(1823, 'TPH-DB-D', 'Temple Hotels Inc 7.75 P'),
(1824, 'TPH-DB-F', 'Temple Hotels Inc 7.0 PC'),
(1825, 'TPL', 'Tethys Petroleum Limited'),
(1826, 'TPX-A', 'Molson Coors Canada Inc.'),
(1827, 'TR', 'Trillium Therapeutics In'),
(1828, 'TRI', 'Thomson Reuters Corporat'),
(1829, 'TRP', 'Transcanada Corp.'),
(1830, 'TRP-PR-B', 'Transcanada Corp Pref Se'),
(1831, 'TRP-PR-D', 'Transcanada Corp Pref Se'),
(1832, 'TRP-PR-F', 'Transcanada Corp Pref Se'),
(1833, 'TRP-PR-H', 'Transcanada Corp Pref Se'),
(1834, 'TRP-PR-J', 'Transcanada Corp Pref Series 13'),
(1835, 'TRQ', 'Turquoise Hill Resources'),
(1836, 'TS-B', 'Torstar Corp. Cl. B Nv'),
(1837, 'TTE-UN', 'Top 20 Europe Dividend T'),
(1838, 'TTY-UN', 'Top 20 Dividend Trust'),
(1839, 'TV', 'Trevali Mining Corporati'),
(1840, 'TVE', 'Tamarack Valley Energy L'),
(1841, 'TVK-DB', 'Terravest Capital Inc 7.'),
(1842, 'TXF', 'First Asset Tech Giants'),
(1843, 'TXG', 'Torex Gold Resources Inc'),
(1844, 'TXT-PR-A', 'Top 10 Split Trust Prf.'),
(1845, 'TZS', 'Trez Capital Senior Mort'),
(1846, 'T', 'Telus Corporation'),
(1847, 'TA-PR-D', 'Transalta Corp Prfd Seri'),
(1848, 'TA-PR-F', 'Transalta Corp Pref Seri'),
(1849, 'TA-PR-J', 'Transalta Corp Pref Seri'),
(1850, 'TBL', 'Taiga Building Products'),
(1851, 'TC', 'Tucows Inc.'),
(1852, 'TCL-B', 'Transcontinental Inc. C'),
(1853, 'TCN-DB-A', 'Tricon Capital Group Inc'),
(1854, 'TCT-UN', 'Top 10 Canadian Financia'),
(1855, 'TD', 'Toronto-Dominion Bank'),
(1856, 'TD-PF-B', 'TD Bank Pref Series 3'),
(1857, 'TD-PF-D', 'TD Bank Pref Series 7'),
(1858, 'TD-PF-F', 'TD Bank Pref Series 11'),
(1859, 'TD-PF-H', 'TD Bank Pref Series 14'),
(1860, 'TD-PR-T', 'TD Bank Pref Series T'),
(1861, 'TD-PR-Z', 'TD Bank Pref Series Z'),
(1862, 'TDG', 'Trinidad Drilling Ltd.'),
(1863, 'TECK-B', 'Teck Resources Ltd Cl B'),
(1864, 'TEI-DB', 'Toscana Energy Income Co'),
(1865, 'TET', 'Trilogy Energy Corp.'),
(1866, 'TF-DB', 'Timbercreek Financial Corp 6.35 Pct Debs'),
(1867, 'TFI', 'Transforce Inc.'),
(1868, 'TGF-UN', 'Timbercreek Global Real'),
(1869, 'TGL-DB', 'Transglobe Energy Corp 6'),
(1870, 'TGZ', 'Teranga Gold Corporation'),
(1871, 'TH-WT', 'Theratechnologies Inc Wt'),
(1872, 'THO', 'Tahoe Resources Inc'),
(1873, 'TIH', 'Toromont Ind'),
(1874, 'TLB', 'Tearlab Corporation'),
(1875, 'TLO', 'Talon Metals Corp.'),
(1876, 'TMB', 'Tembec Inc.'),
(1877, 'TMD-WT-C', 'Titan Medical Inc Wts Cl'),
(1878, 'TMD-WT-G', 'Titan Medical Inc Wts Cl G'),
(1879, 'TMD-WT-I', 'Titan Medical Inc Wts Cl I'),
(1880, 'TMI-B', 'Trimetals Mining Inc Cla'),
(1881, 'TMM', 'Timmins Gold Corp'),
(1882, 'TMQ', 'Trilogy Metals Inc'),
(1883, 'TNP', 'Transatlantic Petroleum'),
(1884, 'TNX', 'Tanzanian Royalty Explor'),
(1885, 'TOG', 'Torc Oil and Gas Ltd'),
(1886, 'TOT', 'Total Energy Services In'),
(1887, 'TOY', 'Spin Master Corp'),
(1888, 'TPH', 'Temple Hotels Inc'),
(1889, 'TPH-DB-E', 'Temple Hotels Inc 7.25 P'),
(1890, 'TPK', 'Ten Peaks Coffee Company'),
(1891, 'TPU', 'TD SP 500 Index ETF'),
(1892, 'TPX-B', 'Molson Coors Canada Inc.'),
(1893, 'TRF-UN', 'First Asset Energy & Res'),
(1894, 'TRI-PR-B', 'Thomson Reuters Corporat'),
(1895, 'TRP-PR-A', 'Transcanada Corp Pref Se'),
(1896, 'TRP-PR-C', 'Transcanada Cumul Redeem'),
(1897, 'TRP-PR-E', 'Transcanada Corp Pref Se'),
(1898, 'TRP-PR-G', 'Transcanada Corp Pref Se'),
(1899, 'TRP-PR-I', 'Transcanada Corp Pref Series 6'),
(1900, 'TRP-PR-K', 'Transcanada Corp Pref Series 15'),
(1901, 'TRZ', 'Transat At Inc'),
(1902, 'TSL', 'Tree Island Steel Ltd'),
(1903, 'TTP', 'TD SP TSX Capped Comp Index ETF'),
(1904, 'TUT-UN', 'Top 20 US Dividend Trust'),
(1905, 'TVA-B', 'Tva Group Inc. Cl.B Nv'),
(1906, 'TVK', 'Terravest Capital Inc'),
(1907, 'TWC', 'Twc Enterprises Limited'),
(1908, 'TXF-A', 'First Asset Tech Giants'),
(1909, 'TXP', 'Touchstone Exploration I'),
(1910, 'TXT-UN', 'Top 10 Split Trust'),
(1911, 'TZZ', 'Trez Capital Mortgage In'),
(1912, 'UCD-UN', 'Fa Morningstar US Consum'),
(1913, 'UEX', 'Uex Corp'),
(1914, 'ULV', 'Powershares Sp500 Low Vo'),
(1915, 'UNC', 'United Corp Ltd'),
(1916, 'UNC-PR-B', 'United Corp 59 Pr'),
(1917, 'UNG-PR-D', 'Union Gas 6% B Pr'),
(1918, 'UR', 'Urthecast Corp'),
(1919, 'URB-A', 'Urbana Corporation Cl A'),
(1920, 'US', 'US Dividend Growers Inco'),
(1921, 'USB', 'Powershares Lad US 0 To'),
(1922, 'USF-UN', 'US Financials Income Fun'),
(1923, 'UST-PR-B', 'Utility Split Trust Clas'),
(1924, 'UTC-C', 'Utility Corp Cl C'),
(1925, 'UWE', 'U3O8 Corp'),
(1926, 'UXM-A', 'F A Morningstar US Div T'),
(1927, 'U', 'Uranium Participation Co'),
(1928, 'UDA-UN', 'Caldwell US Dividend Adv'),
(1929, 'UFS', 'Domtar Corporation'),
(1930, 'ULV-F', 'Powershares Sp500 Low Volatility ETF'),
(1931, 'UNC-PR-A', 'United Corp Pr A'),
(1932, 'UNG-PR-C', 'Union Gas 5-1/2% Pr'),
(1933, 'UNS', 'Uni Select Inc'),
(1934, 'URB', 'Urbana Corporation'),
(1935, 'URE', 'Ur-Energy Inc.'),
(1936, 'USA', 'Americas Silver Corporation'),
(1937, 'USB-U', 'Powershares Lad US 0 To'),
(1938, 'USH-UN', 'US Housing Recovery Fund'),
(1939, 'UST-UN', 'Utility Split Trust'),
(1940, 'UTE-UN', 'Canadian Utilities Telec'),
(1941, 'UXM', 'F A Morningstar US Div T'),
(1942, 'UXM-B', 'Fa Morningstar US Div Tg'),
(1943, 'VAB', 'Vanguard CDN Aggregate B'),
(1944, 'VB', 'Versabank'),
(1945, 'VB-PR-B', 'Versabank Pref Series 3'),
(1946, 'VBU', 'Vanguard US Agg Bond Ind'),
(1947, 'VCE', 'Vanguard FTSE Canada Ind'),
(1948, 'VCN', 'Vanguard FTSE Canada All'),
(1949, 'VDY', 'Vanguard FTSE CDN High D'),
(1950, 'VEE', 'Vanguard FTSE Emerging M'),
(1951, 'VEH', 'Vanguard FTSE Dev Europe ETF CAD Hdg'),
(1952, 'VFF', 'Village Farms Internatio'),
(1953, 'VGG', 'Vanguard US Div Appr Idx'),
(1954, 'VGZ', 'Vista Gold Corp'),
(1955, 'VII', 'Seven Generations Energy'),
(1956, 'VIU', 'Vanguard FTSE Dev All Cap Na Idx'),
(1957, 'VLN', 'Velan Inc. Sv'),
(1958, 'VMO', 'Vanguard Glob Momentum Factor ETF'),
(1959, 'VNP-DB', '5N Plus Inc 5.75 Pct Deb'),
(1960, 'VNR-PR-A', 'Valener Inc Pref Series'),
(1961, 'VRX', 'Valeant Pharmaceuticals'),
(1962, 'VSC', 'Vanguard CDN Short Term'),
(1963, 'VSN-PR-A', 'Veresen Inc Pref Sh Seri'),
(1964, 'VSN-PR-E', 'Veresen Inc Pref Sh Seri'),
(1965, 'VUN', 'Vanguard US Total Market'),
(1966, 'VVL', 'Vanguard Glob Val Factor ETF'),
(1967, 'VXC', 'Vanguard FTSE All World'),
(1968, 'VXM-A', 'F A Morningstar Intl Val'),
(1969, 'VXM-D', 'F A Morningstar Intl Val'),
(1970, 'VA', 'Vanguard FTSE Dev Asia P'),
(1971, 'VAH', 'Vanguard FTSE Dev Asia Pac ETF CAD Hdg'),
(1972, 'VB-PR-A', 'Versabank Pref Series 1'),
(1973, 'VBG', 'Vanguard Global Ex US Ag'),
(1974, 'VBV', 'Vbi Vaccines Inc'),
(1975, 'VCM', 'Vecima Networks Inc.'),
(1976, 'VDU', 'Vanguard FTSE Developed'),
(1977, 'VE', 'Vanguard FTSE Dev Europe'),
(1978, 'VEF', 'Vanguard FTSE Dev Ex Na'),
(1979, 'VET', 'Vermilion Energy Inc'),
(1980, 'VFV', 'Vanguard SP 500 Index Et'),
(1981, 'VGH', 'Vanguard US Div Appr Idx'),
(1982, 'VI', 'Vanguard FTSE Dev All Cap Na Idx'),
(1983, 'VIP-UN', 'Aston Hill Vip Income Fu'),
(1984, 'VLE', 'Valeura Energy Inc'),
(1985, 'VLQ', 'Vanguard Global Liquidity Factor ETF'),
(1986, 'VNP', '5N Plus Inc.'),
(1987, 'VNR', 'Valener Inc'),
(1988, 'VRE', 'Vanguard FTSE CDN Capped'),
(1989, 'VSB', 'Vanguard CDN Short-Term'),
(1990, 'VSN', 'Veresen Inc.'),
(1991, 'VSN-PR-C', 'Veresen Inc Pref Sh Seri'),
(1992, 'VSP', 'Vanguard SP 500 Index Et'),
(1993, 'VUS', 'Vanguard US Total Mkt Id'),
(1994, 'VVO', 'Vanguard Global Min Vol ETF'),
(1995, 'VXM', 'F A Morningstar Intl Val'),
(1996, 'VXM-B', 'F A Morningstar Intl Val'),
(1997, 'VXS', 'Vixs Systems Inc'),
(1998, 'W-PR-J', 'Westcoast 8 Pr'),
(1999, 'W-PR-M', 'Westcoast Energy Inc Pref Series 12'),
(2000, 'WCP', 'Whitecap Resources Inc'),
(2001, 'WDO-DB-A', 'Wesdome Gold Mines Ltd 7'),
(2002, 'WEQ', 'Westernone Inc'),
(2003, 'WFC', 'Wall Financial'),
(2004, 'WFS-PR-A', 'World Financial Split Co'),
(2005, 'WG', 'Wellgreen Platinum Ltd'),
(2006, 'WIR-U', 'Wpt Industrial REIT USD'),
(2007, 'WJX', 'Wajax Corporation'),
(2008, 'WN', 'Weston George'),
(2009, 'WN-PR-C', 'George Weston Ltd. 5.20%'),
(2010, 'WN-PR-E', 'George Weston Ltd. 4.75'),
(2011, 'WPRT', 'Westport Innovations Inc'),
(2012, 'WRG', 'Western Energy Services'),
(2013, 'WSP', 'WSP Global Inc'),
(2014, 'WXM', 'F A Morningstar Cda Mome'),
(2015, 'W-PR-H', 'Westcoast 7 Pr'),
(2016, 'W-PR-K', 'Westcoast Energy Inc Pref Series 10'),
(2017, 'WCN', 'Waste Connections Inc.'),
(2018, 'WDO', 'Wesdome Gold Mines Ltd.'),
(2019, 'WEF', 'Western Forest Products'),
(2020, 'WEQ-DB', 'Westernone Inc 6.25 Pct'),
(2021, 'WFS', 'World Financial Split Co'),
(2022, 'WFT', 'West Fraser Timber Co Lt'),
(2023, 'WIN', 'Wi-Lan Inc'),
(2024, 'WJA', 'Westjet Airlines Ltd.'),
(2025, 'WM', 'Wallbridge Mng J'),
(2026, 'WN-PR-A', 'George Weston Limited Pr'),
(2027, 'WN-PR-D', 'George Weston Ltd. 5.2%'),
(2028, 'WPK', 'Winpak Ltd'),
(2029, 'WPX', 'Western Potash Corp'),
(2030, 'WRN', 'Western Copper and Gold'),
(2031, 'WTE', 'Westshore Terminals Inve'),
(2032, 'WXM-A', 'F A Morningstar Cda Mome'),
(2033, 'XAL', 'Ishares Alternatives Com'),
(2034, 'XAW', 'Ishares Core MSCI All Cn'),
(2035, 'XBM', 'Ishares SP TSX Global BA'),
(2036, 'XCB', 'Ishares Canadian Corpora'),
(2037, 'XCG', 'Ishares Canadian Growth'),
(2038, 'XCR', 'Ishares Conservative Cor'),
(2039, 'XCT', 'Exactearth Ltd'),
(2040, 'XDC', 'Xtreme Drilling and Coil'),
(2041, 'XEB', 'Ishares JP Morgan USD EM'),
(2042, 'XEF', 'Ishares Core MSCI EAFE I'),
(2043, 'XEH', 'Ishares MSCI Europe IMI'),
(2044, 'XEM', 'Ishares MSCI Emerging Ma'),
(2045, 'XEU', 'Ishares MSCI Europe IMI'),
(2046, 'XFC', 'Ishares Factorselect MSCI C'),
(2047, 'XFH', 'Ishares Core MSCI EAFE I'),
(2048, 'XFN', 'Ishares SP TSX Capped Fi'),
(2049, 'XFS', 'Ishares Factorselect MSCI USA Idx ETF'),
(2050, 'XGC', 'Ishares Global Comp. Por'),
(2051, 'XGI', 'Ishares SP Global Indust'),
(2052, 'XHB', 'Ishares CDN Hybrid Corp'),
(2053, 'XHD', 'Ishares US High Div Equi'),
(2054, 'XHY', 'Ishares US High Yield Bo'),
(2055, 'XID', 'Ishares India Index ETF'),
(2056, 'XIN', 'Ishares MSCI EAFE Index'),
(2057, 'XIU', 'Ishares SP TSX 60 Index'),
(2058, 'XMA', 'Ishares SP TSX Capped Ma'),
(2059, 'XMD', 'Ishares SP TSX Completio'),
(2060, 'XMF-PR-B', 'M Split Corp. Class I Pr'),
(2061, 'XMH', 'Ishares SP US Midcap Ind'),
(2062, 'XML', 'Ishares Edge MSCI Mv EAFE ETF CAD Hgd'),
(2063, 'XMS', 'Ishares Edge MSCI Mv USA ETF CAD Hgd'),
(2064, 'XMV', 'Ishares MSCI Canada Min'),
(2065, 'XMY', 'Ishares Edge MSCI Mv Glbl ETF CAD Hgd'),
(2066, 'XQB', 'Ishares Core Hi Quality'),
(2067, 'XRB', 'Ishares CDN Real Return'),
(2068, 'XRE', 'Ishares SP TSX Capped Re'),
(2069, 'XSC', 'Ishares Conv Shr Trm Stra Fxd'),
(2070, 'XSH', 'Ishares Core CDN ST Corp'),
(2071, 'XSP', 'Ishares Core SP 500 Idx'),
(2072, 'XSR', 'Sirius XM Canada Holding'),
(2073, 'XSU', 'Ishares US Small Cap Ind'),
(2074, 'XTD', 'Tdb Split Corp. Class A'),
(2075, 'XTG', 'Xtra Gold Resources Corp'),
(2076, 'XUH', 'Ishares Core SP US Total'),
(2077, 'XUT', 'Ishares SP TSX Capped Ut'),
(2078, 'XWD', 'Ishares MSCI World Index'),
(2079, 'XXM-A', 'Fa Morningstar US Value'),
(2080, 'XXM-D', 'Fa Morningstr US Val Unh'),
(2081, 'X', 'Tmx Group Limited'),
(2082, 'XAU', 'Goldmoney Inc'),
(2083, 'XBB', 'Ishares Canadian Univers'),
(2084, 'XBZ', 'Ishares MSCI Brazil Inde'),
(2085, 'XCD', 'Ishares SP Global Cons D'),
(2086, 'XCH', 'Ishares China Index ETF'),
(2087, 'XCS', 'Ishares SP TSX Smallcap'),
(2088, 'XCV', 'Ishares Canadian Value I'),
(2089, 'XDV', 'Ishares Canadian Select'),
(2090, 'XEC', 'Ishares Core MSCI Emergi'),
(2091, 'XEG', 'Ishares SP TSX Capped En'),
(2092, 'XEI', 'Ishares Core SP TSX Comp'),
(2093, 'XEN', 'Ishares Jantzi Social In'),
(2094, 'XFA', 'Ishares Factorselect MSCI USA Idx CAD'),
(2095, 'XFF', 'Ishares Factorselect MSCI EAFE'),
(2096, 'XFI', 'Ishares Factorselect MSCI EAFE Idx ETF'),
(2097, 'XFR', 'Ishares Floating Rate In'),
(2098, 'XGB', 'Ishares Canadian Govt Bo'),
(2099, 'XGD', 'Ishares S&P/Tsx Global G'),
(2100, 'XGR', 'Ishares Growth Core Port'),
(2101, 'XHC', 'Ishares Global Healthcar'),
(2102, 'XHU', 'Ishares US High Div Equi'),
(2103, 'XIC', 'Ishares Core SP TSX Capp'),
(2104, 'XIG', 'Ishares US Ig Corporate'),
(2105, 'XIT', 'Ishares SP TSX Capped In'),
(2106, 'XLB', 'Ishares Core CDN Long Te'),
(2107, 'XMC', 'Ishares SP US Midcap Ind'),
(2108, 'XMF-A', 'M Split Corp Capital Sha'),
(2109, 'XMF-PR-C', 'M Split Corp. Class II P'),
(2110, 'XMI', 'Ishares MSCI EAFE Min Vo'),
(2111, 'XMM', 'Ishares MSCI Emerg Mkts'),
(2112, 'XMU', 'Ishares MSCI USA Min Vol'),
(2113, 'XMW', 'Ishares MSCI All Country'),
(2114, 'XPF', 'Ishares SP TSX Na Pref S'),
(2115, 'XQQ', 'Ishares Nasdaq 100 Index'),
(2116, 'XRC', 'Exeter Resource Corporat'),
(2117, 'XSB', 'Ishares Canadian Short T'),
(2118, 'XSE', 'Ishares Cons Strat Fix I'),
(2119, 'XSI', 'Ishares Short Term Strat'),
(2120, 'XSQ', 'Ishares Core ST Hi Quali'),
(2121, 'XST', 'Ishares SP TSX Capped Co'),
(2122, 'XTC', 'Exco Tech'),
(2123, 'XTD-PR-A', 'Tdb Split Corp. Priorit'),
(2124, 'XTR', 'Ishares Diversified Mont'),
(2125, 'XUS', 'Ishares Core SP 500 Inde'),
(2126, 'XUU', 'Ishares Core SP US Total'),
(2127, 'XXM', 'Fa Morningstar US Value'),
(2128, 'XXM-B', 'Fa Morningstr US Value I'),
(2129, 'XYM-UN', 'Star Yield Managers Trust'),
(2130, 'Y-WT', 'Yellow Pages Limited Wts'),
(2131, 'YCM-PR-A', 'Commerce Split Corp Clas'),
(2132, 'YGR', 'Yangarra Resources Ltd'),
(2133, 'YP-UN', 'Yieldplus Income Fund'),
(2134, 'YRB-A', 'Yorbeau Res A J'),
(2135, 'YXM', 'Fa Morningstar US Moment'),
(2136, 'Y', 'Yellow Pages Limited'),
(2137, 'YCM', 'Commerce Split Corp Capi'),
(2138, 'YCM-PR-B', 'Commerce Split Corp Clas'),
(2139, 'YMI', 'Yellowhead Mining Inc'),
(2140, 'YPG-DB', 'Yp Digital and Media Sol'),
(2141, 'YRI', 'Yamana Gold Inc'),
(2142, 'YXM-B', 'Fa Morningstar US Moment'),
(2143, 'ZAR', 'Zargon Oil and Gas Ltd.'),
(2144, 'ZBK', 'BMO Equal Weight US Bank'),
(2145, 'ZCL', 'Zcl Composites'),
(2146, 'ZCN', 'BMO SP TSX Capped Comp I'),
(2147, 'ZDB', 'BMO Discount Bond Idx Et'),
(2148, 'ZDI', 'BMO International Divide'),
(2149, 'ZDM', 'BMO MSCI EAFE Hedged To'),
(2150, 'ZDY', 'BMO US Dividend ETF CAD'),
(2151, 'ZEA', 'BMO MSCI EAFE Idx ETF'),
(2152, 'ZEF', 'BMO Emg Mkt Bond Hdgd To'),
(2153, 'ZEO', 'BMO SP TSX Eql Weight Oi'),
(2154, 'ZFH', 'BMO Floating Rate High Y'),
(2155, 'ZFM', 'BMO Mid Federal Bond Ind'),
(2156, 'ZGD', 'BMO SP TSX Eql Weight Gl'),
(2157, 'ZGQ', 'BMO MSCI All Cntry Wrld'),
(2158, 'ZIC', 'BMO Mid Term US Ig Corp'),
(2159, 'ZID', 'BMO India Equity Index E'),
(2160, 'ZJG', 'BMO Junior Gold Index Et'),
(2161, 'ZJO', 'BMO Junior Oil Index ETF'),
(2162, 'ZLC', 'BMO Long Corporate Bond'),
(2163, 'ZLE', 'BMO Low Vol Emerg Mkt Equity ETF'),
(2164, 'ZLI', 'BMO Low Vol Intl Equity'),
(2165, 'ZLU-U', 'BMO Low Volatility US Eq'),
(2166, 'ZMP', 'BMO Mid Provincial Bond'),
(2167, 'ZMU', 'BMO Mid Term US Ig Corp'),
(2168, 'ZPR', 'BMO SP TSX Laddered Pref'),
(2169, 'ZPW', 'BMO US Put Write ETF'),
(2170, 'ZQQ', 'BMO Nasdaq 100 Hedged To'),
(2171, 'ZRR', 'BMO Real Return Bond Ind'),
(2172, 'ZSP-U', 'BMO SP 500 Index ETF USD'),
(2173, 'ZSU', 'BMO ST US Ig Corp Bond H'),
(2174, 'ZUD', 'BMO US Dividend Hedged T'),
(2175, 'ZUH', 'BMO Eql Wgt US Hcare Hdg'),
(2176, 'ZUT', 'BMO Equal Weight Utiliti'),
(2177, 'ZWB', 'BMO Covered Call Canadia'),
(2178, 'ZWH', 'BMO US High Dividend Cov'),
(2179, 'ZWU', 'BMO Covered Call Utiliti'),
(2180, 'ZXM-A', 'F A Morningstar Intl Mom'),
(2181, 'ZZZ', 'Sleep Country Canada Hol'),
(2182, 'ZAG', 'BMO Aggregate Bond Index'),
(2183, 'ZAR-DB', 'Zargon Oil and Gas Ltd 6'),
(2184, 'ZCH', 'BMO China Equity Index E'),
(2185, 'ZCM', 'BMO Mid Corporate Bond I'),
(2186, 'ZCS', 'BMO Short Corp Bond Inde'),
(2187, 'ZDH', 'BMO Intl Div CAD Hedge E'),
(2188, 'ZDJ', 'BMO DJIA Hedged To CAD I'),
(2189, 'ZDV', 'BMO Canadian Dividend Et'),
(2190, 'ZDY-U', 'BMO US Dividend ETF USD'),
(2191, 'ZEB', 'BMO SP TSX Equal Weight'),
(2192, 'ZEM', 'BMO MSCI Emerging Market'),
(2193, 'ZEQ', 'BMO MSCI EU Hq Hcad Idx'),
(2194, 'ZFL', 'BMO Long Fed Bond Index'),
(2195, 'ZFS', 'BMO Short Federal Bond I'),
(2196, 'ZGI', 'BMO Global Infrastructur'),
(2197, 'ZHY', 'BMO High Yld US Corp Bnd'),
(2198, 'ZIC-U', 'BMO Mid Term US Ig Corp'),
(2199, 'ZIN', 'BMO SP TSX Equal Weight'),
(2200, 'ZJN', 'BMO Junior Gas Index ETF'),
(2201, 'ZLB', 'BMO Low Volatility CAD E'),
(2202, 'ZLD', 'BMO Low Vol Intl Eqty Hed To CAD ETF'),
(2203, 'ZLH', 'BMO Low Vol US Eqty Hed To CAD ETF'),
(2204, 'ZLU', 'BMO Low Volatility US Eq'),
(2205, 'ZMI', 'BMO Monthly Income ETF'),
(2206, 'ZMT', 'BMO Sptsx Eql Wgt Glb Me'),
(2207, 'ZPL', 'BMO Long Provincial Bond'),
(2208, 'ZPS', 'BMO Short Provincial Bon'),
(2209, 'ZPW-U', 'BMO US Put Write ETF USD'),
(2210, 'ZRE', 'BMO Equal Weight Reits I'),
(2211, 'ZSP', 'BMO SP 500 Index ETF'),
(2212, 'ZST', 'BMO Ultra Short Term Bon'),
(2213, 'ZUB', 'BMO Eql Wgt US Bank Hdgd'),
(2214, 'ZUE', 'BMO SP 500 Hedged CAD Id'),
(2215, 'ZUQ', 'BMO MSCI USA High Qualit'),
(2216, 'ZWA', 'BMO Covered Call DJIA CA'),
(2217, 'ZWE', 'BMO Europe High Div CC C'),
(2218, 'ZWH-U', 'BMO US High Dividend Cov'),
(2219, 'ZXM', 'F A Morningstar Intl Mom'),
(2220, 'ZXM-B', 'F A Morningstar Intl Mom');

-- --------------------------------------------------------

--
-- Table structure for table `transactionlog`
--

CREATE TABLE IF NOT EXISTS `transactionlog` (
  `tansID` int(11) NOT NULL AUTO_INCREMENT,
  `userID` int(11) NOT NULL,
  `transType` int(11) NOT NULL,
  `price` float(10,2) NOT NULL,
  `quantity` int(11) NOT NULL,
  `DateTime` varchar(255) NOT NULL,
  `companyName` varchar(255) NOT NULL,
  `symbol` varchar(255) NOT NULL,
  `domainID` int(11) NOT NULL,
  PRIMARY KEY (`tansID`),
  KEY `userID` (`userID`),
  KEY `transType` (`transType`),
  KEY `domainID` (`domainID`)
) ENGINE=InnoDB  DEFAULT CHARSET=latin1 AUTO_INCREMENT=8 ;

--
-- Dumping data for table `transactionlog`
--

INSERT INTO `transactionlog` (`tansID`, `userID`, `transType`, `price`, `quantity`, `DateTime`, `companyName`, `symbol`, `domainID`) VALUES
(1, 206, 1, 94.63, 10, '17-04-17', 'ROYAL BANK OF CANADA', 'RY.to', 1),
(2, 246, 1, 94.63, 20, '17-04-17', 'ROYAL BANK OF CANADA', 'RY.to', 1),
(3, 208, 1, 94.63, 10, '17-04-17', 'ROYAL BANK OF CANADA', 'RY.to', 1),
(4, 208, 1, 97.25, 20, '17-04-17', 'CANADIAN NATIONAL RAILWAY CO.', 'CNR.to', 2),
(5, 208, 2, 1925.00, 1, '17-04-17', 'Cocoa Futures,Jul-2017,Composit', 'cc=f', 1),
(6, 208, 3, 0.75, 1000, '17-04-17', 'CAD/USD', 'cadusd=x', 1),
(7, 208, 2, 0.75, 2, '17-04-17', 'Canadian Dollar Futures,Jun-201', 'cd=f', 1);

-- --------------------------------------------------------

--
-- Table structure for table `transactiontype`
--

CREATE TABLE IF NOT EXISTS `transactiontype` (
  `ID` int(11) NOT NULL AUTO_INCREMENT,
  `shareType` varchar(100) NOT NULL,
  PRIMARY KEY (`ID`)
) ENGINE=InnoDB  DEFAULT CHARSET=latin1 AUTO_INCREMENT=4 ;

--
-- Dumping data for table `transactiontype`
--

INSERT INTO `transactiontype` (`ID`, `shareType`) VALUES
(1, 'stock'),
(2, 'commodity'),
(3, 'forex');

-- --------------------------------------------------------

--
-- Table structure for table `transfermoney`
--

CREATE TABLE IF NOT EXISTS `transfermoney` (
  `tID` int(11) NOT NULL AUTO_INCREMENT,
  `userID_to` int(11) NOT NULL,
  `userID_from` int(11) NOT NULL,
  `amount` decimal(10,0) NOT NULL,
  `createdDate` varchar(255) NOT NULL,
  PRIMARY KEY (`tID`),
  KEY `userID_to` (`userID_to`,`userID_from`),
  KEY `userID_from` (`userID_from`)
) ENGINE=InnoDB  DEFAULT CHARSET=latin1 AUTO_INCREMENT=8 ;

--
-- Dumping data for table `transfermoney`
--

INSERT INTO `transfermoney` (`tID`, `userID_to`, `userID_from`, `amount`, `createdDate`) VALUES
(2, 208, 206, '200', '03-03-2017'),
(5, 208, 215, '10', '11-04-17'),
(6, 206, 208, '50', '11-04-17'),
(7, 244, 208, '20', '16-04-17');

-- --------------------------------------------------------

--
-- Table structure for table `userlog`
--

CREATE TABLE IF NOT EXISTS `userlog` (
  `logID` int(11) NOT NULL AUTO_INCREMENT,
  `userID` int(11) NOT NULL,
  `loginDate` varchar(200) NOT NULL,
  PRIMARY KEY (`logID`),
  KEY `userID` (`userID`),
  KEY `userID_2` (`userID`)
) ENGINE=InnoDB  DEFAULT CHARSET=latin1 AUTO_INCREMENT=361 ;

--
-- Dumping data for table `userlog`
--

INSERT INTO `userlog` (`logID`, `userID`, `loginDate`) VALUES
(180, 206, '03/20/2017 12:16:21 am'),
(181, 206, '03/20/2017 04:24:16 am'),
(182, 206, '03/20/2017 05:00:13 am'),
(183, 206, '03/20/2017 05:00:45 am'),
(185, 206, '03/20/2017 05:11:54 am'),
(186, 206, '03/20/2017 12:13:08 pm'),
(187, 206, '03/20/2017 12:14:09 pm'),
(188, 206, '03/20/2017 12:25:39 pm'),
(189, 206, '03/20/2017 12:39:06 pm'),
(190, 206, '03/20/2017 12:40:01 pm'),
(191, 208, '03/20/2017 01:01:40 pm'),
(192, 206, '03/20/2017 01:02:41 pm'),
(193, 206, '03/20/2017 03:00:43 pm'),
(194, 206, '03/20/2017 07:20:23 pm'),
(197, 206, '03/20/2017 10:10:30 pm'),
(198, 206, '03/24/2017 12:57:30 pm'),
(199, 206, '03/24/2017 01:17:46 pm'),
(200, 208, '03/24/2017 02:00:48 pm'),
(201, 206, '03/25/2017 10:57:06 am'),
(202, 208, '03/25/2017 02:35:08 pm'),
(203, 206, '03/26/2017 04:33:34 am'),
(204, 206, '03/27/2017 03:09:56 am'),
(205, 206, '03/27/2017 04:16:01 am'),
(206, 208, '03/27/2017 06:17:14 pm'),
(207, 206, '03/27/2017 07:53:38 pm'),
(208, 206, '03/27/2017 09:15:31 pm'),
(209, 206, '03/27/2017 09:15:32 pm'),
(210, 206, '03/27/2017 09:19:28 pm'),
(211, 206, '03/27/2017 09:29:00 pm'),
(212, 206, '03/27/2017 09:42:56 pm'),
(213, 206, '03/27/2017 11:38:02 pm'),
(214, 206, '03/28/2017 01:13:04 am'),
(215, 208, '03/28/2017 08:25:48 pm'),
(216, 206, '03/28/2017 08:30:11 pm'),
(217, 208, '03/29/2017 02:09:19 pm'),
(218, 206, '03/29/2017 02:37:04 pm'),
(219, 206, '03/29/2017 03:03:07 pm'),
(220, 208, '03/29/2017 04:11:29 pm'),
(221, 208, '03/29/2017 11:38:41 pm'),
(222, 206, '03/29/2017 11:56:09 pm'),
(223, 208, '03/30/2017 12:01:27 am'),
(224, 206, '03/30/2017 12:26:44 am'),
(225, 208, '03/30/2017 12:26:49 am'),
(226, 206, '03/30/2017 01:09:41 am'),
(227, 208, '03/30/2017 07:41:42 pm'),
(228, 206, '03/30/2017 08:31:29 pm'),
(229, 208, '03/31/2017 11:55:17 am'),
(230, 206, '03/31/2017 02:16:26 pm'),
(231, 206, '04/02/2017 02:19:24 pm'),
(232, 208, '04/02/2017 02:21:52 pm'),
(233, 206, '04/02/2017 05:23:12 pm'),
(234, 206, '04/02/2017 06:36:59 pm'),
(235, 208, '04/02/2017 06:51:41 pm'),
(236, 206, '04/02/2017 07:16:45 pm'),
(237, 208, '04/03/2017 12:31:17 pm'),
(238, 206, '04/03/2017 12:37:47 pm'),
(239, 208, '04/03/2017 12:52:11 pm'),
(240, 206, '04/03/2017 01:03:49 pm'),
(241, 206, '04/03/2017 01:08:18 pm'),
(242, 208, '04/03/2017 01:08:49 pm'),
(243, 206, '04/03/2017 07:25:09 pm'),
(244, 208, '04/03/2017 07:58:26 pm'),
(245, 208, '04/04/2017 05:52:57 pm'),
(246, 208, '04/05/2017 02:50:37 pm'),
(247, 208, '04/06/2017 10:24:14 pm'),
(251, 208, '04/06/2017 10:57:37 pm'),
(252, 208, '04/06/2017 11:05:32 pm'),
(253, 206, '04/06/2017 11:07:40 pm'),
(254, 208, '04/09/2017 03:07:20 pm'),
(255, 206, '04/09/2017 03:07:44 pm'),
(256, 208, '04/09/2017 03:12:34 pm'),
(257, 206, '04/09/2017 03:15:40 pm'),
(258, 206, '04/09/2017 03:22:54 pm'),
(259, 208, '04/09/2017 06:26:41 pm'),
(260, 208, '04/09/2017 06:27:09 pm'),
(261, 208, '04/09/2017 09:35:14 pm'),
(262, 206, '04/09/2017 09:38:55 pm'),
(263, 208, '04/09/2017 10:03:26 pm'),
(264, 208, '04/09/2017 10:08:44 pm'),
(265, 206, '04/10/2017 12:29:17 pm'),
(271, 215, '04/10/2017 02:05:11 pm'),
(272, 208, '04/10/2017 03:40:52 pm'),
(273, 215, '04/10/2017 03:52:29 pm'),
(277, 215, '04/10/2017 04:45:29 pm'),
(278, 208, '04/11/2017 01:17:07 pm'),
(279, 208, '04/11/2017 03:26:12 pm'),
(280, 208, '04/11/2017 03:36:24 pm'),
(281, 215, '04/11/2017 03:40:07 pm'),
(296, 208, '04/11/2017 05:21:29 pm'),
(297, 208, '04/11/2017 06:00:14 pm'),
(298, 208, '04/11/2017 06:03:50 pm'),
(299, 208, '04/11/2017 11:02:44 pm'),
(300, 208, '04/12/2017 01:37:38 am'),
(301, 208, '04/12/2017 01:47:28 am'),
(302, 208, '04/13/2017 06:03:18 pm'),
(303, 208, '04/13/2017 06:29:02 pm'),
(304, 208, '04/13/2017 10:21:58 pm'),
(308, 208, '04/14/2017 02:20:11 pm'),
(309, 215, '04/14/2017 05:13:13 pm'),
(310, 208, '04/14/2017 05:15:10 pm'),
(311, 206, '04/14/2017 05:15:56 pm'),
(312, 208, '04/15/2017 03:48:58 pm'),
(313, 206, '04/15/2017 04:47:00 pm'),
(314, 206, '04/15/2017 08:02:34 pm'),
(315, 208, '04/15/2017 08:04:23 pm'),
(316, 206, '04/15/2017 11:15:08 pm'),
(318, 208, '04/16/2017 03:24:36 pm'),
(319, 208, '04/16/2017 03:24:53 pm'),
(320, 208, '04/16/2017 03:25:23 pm'),
(323, 208, '04/16/2017 03:42:15 pm'),
(324, 208, '04/16/2017 03:48:17 pm'),
(325, 208, '04/16/2017 03:49:37 pm'),
(326, 208, '04/16/2017 03:53:44 pm'),
(327, 208, '04/16/2017 03:53:54 pm'),
(328, 208, '04/16/2017 04:04:10 pm'),
(329, 208, '04/16/2017 04:05:26 pm'),
(330, 208, '04/16/2017 04:05:41 pm'),
(331, 208, '04/16/2017 04:14:21 pm'),
(332, 208, '04/16/2017 05:30:04 pm'),
(333, 208, '04/16/2017 06:15:12 pm'),
(334, 208, '04/16/2017 06:41:40 pm'),
(335, 208, '04/16/2017 06:58:17 pm'),
(336, 208, '04/16/2017 08:20:07 pm'),
(337, 244, '04/16/2017 08:34:12 pm'),
(338, 208, '04/16/2017 08:55:38 pm'),
(339, 244, '04/16/2017 09:01:47 pm'),
(340, 208, '04/16/2017 10:04:12 pm'),
(341, 208, '04/16/2017 10:04:39 pm'),
(342, 208, '04/16/2017 10:10:31 pm'),
(343, 245, '04/17/2017 11:40:17 am'),
(344, 208, '04/17/2017 12:11:18 pm'),
(345, 206, '04/17/2017 12:34:17 pm'),
(346, 246, '04/17/2017 01:02:56 pm'),
(347, 208, '04/17/2017 01:11:25 pm'),
(348, 208, '04/17/2017 01:14:50 pm'),
(349, 208, '04/17/2017 01:21:07 pm'),
(350, 208, '04/17/2017 01:21:42 pm'),
(351, 208, '04/17/2017 01:23:26 pm'),
(352, 208, '04/17/2017 01:24:49 pm'),
(353, 208, '04/17/2017 01:27:46 pm'),
(354, 208, '04/17/2017 01:28:10 pm'),
(355, 208, '04/17/2017 01:29:35 pm'),
(356, 247, '04/17/2017 02:14:29 pm'),
(357, 208, '04/17/2017 05:31:47 pm'),
(358, 208, '04/17/2017 08:02:05 pm'),
(359, 208, '04/17/2017 10:19:02 pm'),
(360, 206, '04/17/2017 10:40:15 pm');

-- --------------------------------------------------------

--
-- Table structure for table `usersStock`
--

CREATE TABLE IF NOT EXISTS `usersStock` (
  `stockID` int(11) NOT NULL AUTO_INCREMENT,
  `transType` int(11) NOT NULL,
  `companyName` varchar(250) NOT NULL,
  `DateTime` varchar(200) NOT NULL,
  `userID` int(11) NOT NULL,
  `qty` int(11) NOT NULL,
  `price` float(10,2) NOT NULL,
  `compnayTicker` varchar(100) NOT NULL,
  `domainID` int(11) NOT NULL,
  PRIMARY KEY (`stockID`),
  KEY `userID` (`userID`),
  KEY `userID_2` (`userID`),
  KEY `domainID` (`domainID`),
  KEY `transType` (`transType`)
) ENGINE=InnoDB  DEFAULT CHARSET=latin1 AUTO_INCREMENT=8 ;

--
-- Dumping data for table `usersStock`
--

INSERT INTO `usersStock` (`stockID`, `transType`, `companyName`, `DateTime`, `userID`, `qty`, `price`, `compnayTicker`, `domainID`) VALUES
(1, 1, 'ROYAL BANK OF CANADA', '17-04-17', 206, 10, 94.63, 'RY.to', 1),
(2, 1, 'ROYAL BANK OF CANADA', '17-04-17', 246, 20, 94.63, 'RY.to', 1),
(3, 1, 'ROYAL BANK OF CANADA', '17-04-17', 208, 10, 94.63, 'RY.to', 1),
(4, 1, 'CANADIAN NATIONAL RAILWAY CO.', '17-04-17', 208, 20, 97.25, 'CNR.to', 2),
(5, 2, 'Cocoa Futures,Jul-2017,Composit', '17-04-17', 208, 1, 1925.00, 'cc=f', 1),
(6, 3, 'CAD/USD', '17-04-17', 208, 1000, 0.75, 'cadusd=x', 1),
(7, 2, 'Canadian Dollar Futures,Jun-201', '17-04-17', 208, 2, 0.75, 'cd=f', 1);

--
-- Constraints for dumped tables
--

--
-- Constraints for table `bank`
--
ALTER TABLE `bank`
  ADD CONSTRAINT `bank_ibfk_1` FOREIGN KEY (`userID`) REFERENCES `profile` (`userID`) ON DELETE CASCADE ON UPDATE CASCADE;

--
-- Constraints for table `friends`
--
ALTER TABLE `friends`
  ADD CONSTRAINT `friends_ibfk_1` FOREIGN KEY (`userID_to`) REFERENCES `profile` (`userID`) ON DELETE CASCADE ON UPDATE CASCADE,
  ADD CONSTRAINT `friends_ibfk_2` FOREIGN KEY (`userID_from`) REFERENCES `profile` (`userID`) ON DELETE CASCADE ON UPDATE CASCADE;

--
-- Constraints for table `loan`
--
ALTER TABLE `loan`
  ADD CONSTRAINT `loan_ibfk_1` FOREIGN KEY (`bankID`) REFERENCES `bank` (`bankID`);

--
-- Constraints for table `message`
--
ALTER TABLE `message`
  ADD CONSTRAINT `message_ibfk_1` FOREIGN KEY (`from_userID`) REFERENCES `profile` (`userID`) ON DELETE CASCADE ON UPDATE CASCADE,
  ADD CONSTRAINT `message_ibfk_2` FOREIGN KEY (`to_userID`) REFERENCES `profile` (`userID`) ON DELETE CASCADE ON UPDATE CASCADE;

--
-- Constraints for table `paymentlog`
--
ALTER TABLE `paymentlog`
  ADD CONSTRAINT `paymentlog_ibfk_1` FOREIGN KEY (`userID`) REFERENCES `profile` (`userID`) ON DELETE CASCADE ON UPDATE CASCADE;

--
-- Constraints for table `portfolio`
--
ALTER TABLE `portfolio`
  ADD CONSTRAINT `portfolio_ibfk_1` FOREIGN KEY (`userID`) REFERENCES `profile` (`userID`) ON DELETE CASCADE ON UPDATE CASCADE;

--
-- Constraints for table `profile`
--
ALTER TABLE `profile`
  ADD CONSTRAINT `profile_ibfk_4` FOREIGN KEY (`experienceID`) REFERENCES `experience` (`expID`) ON DELETE NO ACTION ON UPDATE NO ACTION;

--
-- Constraints for table `profile_badge`
--
ALTER TABLE `profile_badge`
  ADD CONSTRAINT `profile_badge_ibfk_1` FOREIGN KEY (`badgeID`) REFERENCES `badge` (`badgeID`) ON DELETE CASCADE ON UPDATE CASCADE,
  ADD CONSTRAINT `profile_badge_ibfk_2` FOREIGN KEY (`userID`) REFERENCES `profile` (`userID`) ON DELETE CASCADE ON UPDATE CASCADE;

--
-- Constraints for table `transfermoney`
--
ALTER TABLE `transfermoney`
  ADD CONSTRAINT `transfermoney_ibfk_1` FOREIGN KEY (`userID_to`) REFERENCES `profile` (`userID`) ON DELETE CASCADE ON UPDATE CASCADE,
  ADD CONSTRAINT `transfermoney_ibfk_2` FOREIGN KEY (`userID_from`) REFERENCES `profile` (`userID`) ON DELETE CASCADE ON UPDATE CASCADE;

--
-- Constraints for table `userlog`
--
ALTER TABLE `userlog`
  ADD CONSTRAINT `userlog_ibfk_1` FOREIGN KEY (`userID`) REFERENCES `profile` (`userID`) ON DELETE CASCADE ON UPDATE CASCADE;

--
-- Constraints for table `usersStock`
--
ALTER TABLE `usersStock`
  ADD CONSTRAINT `usersStock_ibfk_1` FOREIGN KEY (`userID`) REFERENCES `profile` (`userID`) ON DELETE CASCADE ON UPDATE CASCADE,
  ADD CONSTRAINT `usersStock_ibfk_2` FOREIGN KEY (`domainID`) REFERENCES `domain` (`ID`) ON DELETE CASCADE ON UPDATE CASCADE,
  ADD CONSTRAINT `usersStock_ibfk_3` FOREIGN KEY (`transType`) REFERENCES `transactiontype` (`ID`) ON DELETE CASCADE ON UPDATE CASCADE;

/*!40101 SET CHARACTER_SET_CLIENT=@OLD_CHARACTER_SET_CLIENT */;
/*!40101 SET CHARACTER_SET_RESULTS=@OLD_CHARACTER_SET_RESULTS */;
/*!40101 SET COLLATION_CONNECTION=@OLD_COLLATION_CONNECTION */;
